Date,Parameter,Friendly_Name,Category,Value,Unit
"2024-08-01","alum_dose_ph1","Alum Dosage Phase 1","Chemical Usage","0.0","mg/L"
"2024-08-01","alum_dose_ph2","Alum Dosage Phase 2","Chemical Usage","0.0","mg/L"
"2024-08-01","alum_dose_ph3","Alum Dosage Phase 3","Chemical Usage","0.0","mg/L"
"2024-08-01","alum_dose_ph4","Alum Dosage Phase 4","Chemical Usage","35.199","mg/L"
"2024-08-01","alum_tons_ph1","Alum use Phase 1","Chemical Usage","0.0","Tons"
"2024-08-01","alum_tons_ph2","Alum use Phase 2","Chemical Usage","0.0","Tons"
"2024-08-01","alum_tons_ph3","Alum use Phase 3","Chemical Usage","0.0","Tons"
"2024-08-01","alum_tons_ph4","Alum use Phase 4","Chemical Usage","24.738000000000003","Tons"
"2024-08-01","alum_tons_total","Alum use Total","Chemical Usage","24.738000000000003","Tons"
"2024-08-01","dpstps_cmd_total","Treated Water Total","Water","1417800.0","m3"
"2024-08-01","pac_dose_ph1","PAC Dosage Phase 1","Chemical Usage","27.849","mg/L"
"2024-08-01","pac_dose_ph2","PAC Dosage Phase 2","Chemical Usage","27.877","mg/L"
"2024-08-01","pac_dose_ph3","PAC Dosage Phase 3","Chemical Usage","25.285999999999998","mg/L"
"2024-08-01","pac_dose_ph4","PAC Dosage Phase 4","Chemical Usage","0.0","mg/L"
"2024-08-01","pac_tons_ph1","PAC Used Phase 1","Chemical Usage","26.146","Tons"
"2024-08-01","pac_tons_ph2","PAC Used Phase 2","Chemical Usage","23.871","Tons"
"2024-08-01","pac_tons_ph3","PAC Used Phase 3","Chemical Usage","32.858000000000004","Tons"
"2024-08-01","pac_tons_ph4","PAC Used Phase 4","Chemical Usage","0.0","Tons"
"2024-08-01","pac_tons_total","Total PAC Used","Chemical Usage","82.875","Tons"
"2024-08-01","poly_dose_ph1","Polymer Dosage Phase 1","Chemical Usage","0.063663855","mg/L"
"2024-08-01","poly_dose_ph2","Polymer Dosage Phase 2","Chemical Usage","0.063663855","mg/L"
"2024-08-01","poly_dose_ph3","Polymer Dosage Phase 3","Chemical Usage","0.06201935","mg/L"
"2024-08-01","poly_dose_ph4","Polymer Dosage Phase 4","Chemical Usage","0.06201935","mg/L"
"2024-08-01","poly_tons_total","Total Polymer Used","Chemical Usage","0.09","Tons"
"2024-08-01","rw_cmd_total","Raw Water Phase Total","Water","1434500.0","m3"
"2024-08-02","alum_dose_ph1","Alum Dosage Phase 1","Chemical Usage","0.0","mg/L"
"2024-08-02","alum_dose_ph2","Alum Dosage Phase 2","Chemical Usage","0.0","mg/L"
"2024-08-02","alum_dose_ph3","Alum Dosage Phase 3","Chemical Usage","0.0","mg/L"
"2024-08-02","alum_dose_ph4","Alum Dosage Phase 4","Chemical Usage","47.343","mg/L"
"2024-08-02","alum_tons_ph1","Alum use Phase 1","Chemical Usage","0.0","Tons"
"2024-08-02","alum_tons_ph2","Alum use Phase 2","Chemical Usage","0.0","Tons"
"2024-08-02","alum_tons_ph3","Alum use Phase 3","Chemical Usage","0.0","Tons"
"2024-08-02","alum_tons_ph4","Alum use Phase 4","Chemical Usage","34.314","Tons"
"2024-08-02","alum_tons_total","Alum use Total","Chemical Usage","34.314","Tons"
"2024-08-02","dpstps_cmd_total","Treated Water Total","Water","1376200.0","m3"
"2024-08-02","pac_dose_ph1","PAC Dosage Phase 1","Chemical Usage","28.733","mg/L"
"2024-08-02","pac_dose_ph2","PAC Dosage Phase 2","Chemical Usage","28.805999999999997","mg/L"
"2024-08-02","pac_dose_ph3","PAC Dosage Phase 3","Chemical Usage","31.596999999999998","mg/L"
"2024-08-02","pac_dose_ph4","PAC Dosage Phase 4","Chemical Usage","0.0","mg/L"
"2024-08-02","pac_tons_ph1","PAC Used Phase 1","Chemical Usage","25.769000000000002","Tons"
"2024-08-02","pac_tons_ph2","PAC Used Phase 2","Chemical Usage","25.769000000000002","Tons"
"2024-08-02","pac_tons_ph3","PAC Used Phase 3","Chemical Usage","40.977","Tons"
"2024-08-02","pac_tons_ph4","PAC Used Phase 4","Chemical Usage","0.0","Tons"
"2024-08-02","pac_tons_total","Total PAC Used","Chemical Usage","92.515","Tons"
"2024-08-02","poly_dose_ph1","Polymer Dosage Phase 1","Chemical Usage","0.09569378","mg/L"
"2024-08-02","poly_dose_ph2","Polymer Dosage Phase 2","Chemical Usage","0.09569378","mg/L"
"2024-08-02","poly_dose_ph3","Polymer Dosage Phase 3","Chemical Usage","0.049001593","mg/L"
"2024-08-02","poly_dose_ph4","Polymer Dosage Phase 4","Chemical Usage","0.049001592999999996","mg/L"
"2024-08-02","poly_tons_total","Total Polymer Used","Chemical Usage","0.1","Tons"
"2024-08-02","rw_cmd_total","Raw Water Phase Total","Water","1443300.0","m3"
"2024-08-03","alum_dose_ph1","Alum Dosage Phase 1","Chemical Usage","0.0","mg/L"
"2024-08-03","alum_dose_ph2","Alum Dosage Phase 2","Chemical Usage","0.0","mg/L"
"2024-08-03","alum_dose_ph3","Alum Dosage Phase 3","Chemical Usage","0.0","mg/L"
"2024-08-03","alum_dose_ph4","Alum Dosage Phase 4","Chemical Usage","45.648","mg/L"
"2024-08-03","alum_tons_ph1","Alum use Phase 1","Chemical Usage","0.0","Tons"
"2024-08-03","alum_tons_ph2","Alum use Phase 2","Chemical Usage","0.0","Tons"
"2024-08-03","alum_tons_ph3","Alum use Phase 3","Chemical Usage","0.0","Tons"
"2024-08-03","alum_tons_ph4","Alum use Phase 4","Chemical Usage","34.181","Tons"
"2024-08-03","alum_tons_total","Alum use Total","Chemical Usage","34.181","Tons"
"2024-08-03","dpstps_cmd_total","Treated Water Total","Water","1402300.0","m3"
"2024-08-03","pac_dose_ph1","PAC Dosage Phase 1","Chemical Usage","32.274","mg/L"
"2024-08-03","pac_dose_ph2","PAC Dosage Phase 2","Chemical Usage","32.293","mg/L"
"2024-08-03","pac_dose_ph3","PAC Dosage Phase 3","Chemical Usage","31.963","mg/L"
"2024-08-03","pac_dose_ph4","PAC Dosage Phase 4","Chemical Usage","0.0","mg/L"
"2024-08-03","pac_tons_ph1","PAC Used Phase 1","Chemical Usage","30.974","Tons"
"2024-08-03","pac_tons_ph2","PAC Used Phase 2","Chemical Usage","30.974","Tons"
"2024-08-03","pac_tons_ph3","PAC Used Phase 3","Chemical Usage","41.46","Tons"
"2024-08-03","pac_tons_ph4","PAC Used Phase 4","Chemical Usage","0.0","Tons"
"2024-08-03","pac_tons_total","Total PAC Used","Chemical Usage","103.40799999999999","Tons"
"2024-08-03","poly_dose_ph1","Polymer Dosage Phase 1","Chemical Usage","0.0967838","mg/L"
"2024-08-03","poly_dose_ph2","Polymer Dosage Phase 2","Chemical Usage","0.0967838","mg/L"
"2024-08-03","poly_dose_ph3","Polymer Dosage Phase 3","Chemical Usage","0.066393047","mg/L"
"2024-08-03","poly_dose_ph4","Polymer Dosage Phase 4","Chemical Usage","0.066393047","mg/L"
"2024-08-03","poly_tons_total","Total Polymer Used","Chemical Usage","0.12","Tons"
"2024-08-03","rw_cmd_total","Raw Water Phase Total","Water","1500000.0","m3"
"2024-08-04","alum_dose_ph1","Alum Dosage Phase 1","Chemical Usage","0.0","mg/L"
"2024-08-04","alum_dose_ph2","Alum Dosage Phase 2","Chemical Usage","0.0","mg/L"
"2024-08-04","alum_dose_ph3","Alum Dosage Phase 3","Chemical Usage","0.0","mg/L"
"2024-08-04","alum_dose_ph4","Alum Dosage Phase 4","Chemical Usage","44.236000000000004","mg/L"
"2024-08-04","alum_tons_ph1","Alum use Phase 1","Chemical Usage","0.0","Tons"
"2024-08-04","alum_tons_ph2","Alum use Phase 2","Chemical Usage","0.0","Tons"
"2024-08-04","alum_tons_ph3","Alum use Phase 3","Chemical Usage","0.0","Tons"
"2024-08-04","alum_tons_ph4","Alum use Phase 4","Chemical Usage","36.442","Tons"
"2024-08-04","alum_tons_total","Alum use Total","Chemical Usage","36.442","Tons"
"2024-08-04","dpstps_cmd_total","Treated Water Total","Water","1452800.0","m3"
"2024-08-04","pac_dose_ph1","PAC Dosage Phase 1","Chemical Usage","30.968000000000004","mg/L"
"2024-08-04","pac_dose_ph2","PAC Dosage Phase 2","Chemical Usage","30.684","mg/L"
"2024-08-04","pac_dose_ph3","PAC Dosage Phase 3","Chemical Usage","30.506","mg/L"
"2024-08-04","pac_dose_ph4","PAC Dosage Phase 4","Chemical Usage","0.0","mg/L"
"2024-08-04","pac_tons_ph1","PAC Used Phase 1","Chemical Usage","30.464000000000002","Tons"
"2024-08-04","pac_tons_ph2","PAC Used Phase 2","Chemical Usage","30.465","Tons"
"2024-08-04","pac_tons_ph3","PAC Used Phase 3","Chemical Usage","39.588","Tons"
"2024-08-04","pac_tons_ph4","PAC Used Phase 4","Chemical Usage","0.0","Tons"
"2024-08-04","pac_tons_total","Total PAC Used","Chemical Usage","100.51700000000001","Tons"
"2024-08-04","poly_dose_ph1","Polymer Dosage Phase 1","Chemical Usage","0.101185314","mg/L"
"2024-08-04","poly_dose_ph2","Polymer Dosage Phase 2","Chemical Usage","0.101185314","mg/L"
"2024-08-04","poly_dose_ph3","Polymer Dosage Phase 3","Chemical Usage","0.06350306","mg/L"
"2024-08-04","poly_dose_ph4","Polymer Dosage Phase 4","Chemical Usage","0.06350306","mg/L"
"2024-08-04","poly_tons_total","Total Polymer Used","Chemical Usage","0.125","Tons"
"2024-08-04","rw_cmd_total","Raw Water Phase Total","Water","1557900.0","m3"
"2024-08-05","alum_dose_ph1","Alum Dosage Phase 1","Chemical Usage","0.0","mg/L"
"2024-08-05","alum_dose_ph2","Alum Dosage Phase 2","Chemical Usage","0.0","mg/L"
"2024-08-05","alum_dose_ph3","Alum Dosage Phase 3","Chemical Usage","0.0","mg/L"
"2024-08-05","alum_dose_ph4","Alum Dosage Phase 4","Chemical Usage","39.287","mg/L"
"2024-08-05","alum_tons_ph1","Alum use Phase 1","Chemical Usage","0.0","Tons"
"2024-08-05","alum_tons_ph2","Alum use Phase 2","Chemical Usage","0.0","Tons"
"2024-08-05","alum_tons_ph3","Alum use Phase 3","Chemical Usage","0.0","Tons"
"2024-08-05","alum_tons_ph4","Alum use Phase 4","Chemical Usage","30.855999999999998","Tons"
"2024-08-05","alum_tons_total","Alum use Total","Chemical Usage","30.855999999999998","Tons"
"2024-08-05","dpstps_cmd_total","Treated Water Total","Water","1435300.0","m3"
"2024-08-05","pac_dose_ph1","PAC Dosage Phase 1","Chemical Usage","27.695","mg/L"
"2024-08-05","pac_dose_ph2","PAC Dosage Phase 2","Chemical Usage","27.441","mg/L"
"2024-08-05","pac_dose_ph3","PAC Dosage Phase 3","Chemical Usage","26.971999999999998","mg/L"
"2024-08-05","pac_dose_ph4","PAC Dosage Phase 4","Chemical Usage","0.0","mg/L"
"2024-08-05","pac_tons_ph1","PAC Used Phase 1","Chemical Usage","27.22","Tons"
"2024-08-05","pac_tons_ph2","PAC Used Phase 2","Chemical Usage","27.221","Tons"
"2024-08-05","pac_tons_ph3","PAC Used Phase 3","Chemical Usage","34.963","Tons"
"2024-08-05","pac_tons_ph4","PAC Used Phase 4","Chemical Usage","0.0","Tons"
"2024-08-05","pac_tons_total","Total PAC Used","Chemical Usage","89.404","Tons"
"2024-08-05","poly_dose_ph1","Polymer Dosage Phase 1","Chemical Usage","0.10850694400000001","mg/L"
"2024-08-05","poly_dose_ph2","Polymer Dosage Phase 2","Chemical Usage","0.10850694400000001","mg/L"
"2024-08-05","poly_dose_ph3","Polymer Dosage Phase 3","Chemical Usage","0.047258979","mg/L"
"2024-08-05","poly_dose_ph4","Polymer Dosage Phase 4","Chemical Usage","0.047258979000000007","mg/L"
"2024-08-05","poly_tons_total","Total Polymer Used","Chemical Usage","0.115","Tons"
"2024-08-05","rw_cmd_total","Raw Water Phase Total","Water","1537600.0","m3"
"2024-08-06","alum_dose_ph1","Alum Dosage Phase 1","Chemical Usage","0.0","mg/L"
"2024-08-06","alum_dose_ph2","Alum Dosage Phase 2","Chemical Usage","0.0","mg/L"
"2024-08-06","alum_dose_ph3","Alum Dosage Phase 3","Chemical Usage","0.0","mg/L"
"2024-08-06","alum_dose_ph4","Alum Dosage Phase 4","Chemical Usage","30.546999999999997","mg/L"
"2024-08-06","alum_tons_ph1","Alum use Phase 1","Chemical Usage","0.0","Tons"
"2024-08-06","alum_tons_ph2","Alum use Phase 2","Chemical Usage","0.0","Tons"
"2024-08-06","alum_tons_ph3","Alum use Phase 3","Chemical Usage","0.0","Tons"
"2024-08-06","alum_tons_ph4","Alum use Phase 4","Chemical Usage","23.674","Tons"
"2024-08-06","alum_tons_total","Alum use Total","Chemical Usage","23.674","Tons"
"2024-08-06","dpstps_cmd_total","Treated Water Total","Water","1458500.0","m3"
"2024-08-06","pac_dose_ph1","PAC Dosage Phase 1","Chemical Usage","25.503","mg/L"
"2024-08-06","pac_dose_ph2","PAC Dosage Phase 2","Chemical Usage","25.397","mg/L"
"2024-08-06","pac_dose_ph3","PAC Dosage Phase 3","Chemical Usage","25.171","mg/L"
"2024-08-06","pac_dose_ph4","PAC Dosage Phase 4","Chemical Usage","0.0","mg/L"
"2024-08-06","pac_tons_ph1","PAC Used Phase 1","Chemical Usage","25.773000000000003","Tons"
"2024-08-06","pac_tons_ph2","PAC Used Phase 2","Chemical Usage","25.774","Tons"
"2024-08-06","pac_tons_ph3","PAC Used Phase 3","Chemical Usage","31.464000000000002","Tons"
"2024-08-06","pac_tons_ph4","PAC Used Phase 4","Chemical Usage","0.0","Tons"
"2024-08-06","pac_tons_total","Total PAC Used","Chemical Usage","83.01100000000002","Tons"
"2024-08-06","poly_dose_ph1","Polymer Dosage Phase 1","Chemical Usage","0.056425447999999996","mg/L"
"2024-08-06","poly_dose_ph2","Polymer Dosage Phase 2","Chemical Usage","0.056425447999999996","mg/L"
"2024-08-06","poly_dose_ph3","Polymer Dosage Phase 3","Chemical Usage","0.036363636","mg/L"
"2024-08-06","poly_dose_ph4","Polymer Dosage Phase 4","Chemical Usage","0.036363636","mg/L"
"2024-08-06","poly_tons_total","Total Polymer Used","Chemical Usage","0.07","Tons"
"2024-08-06","rw_cmd_total","Raw Water Phase Total","Water","1533900.0","m3"
"2024-08-07","alum_dose_ph1","Alum Dosage Phase 1","Chemical Usage","0.0","mg/L"
"2024-08-07","alum_dose_ph2","Alum Dosage Phase 2","Chemical Usage","0.0","mg/L"
"2024-08-07","alum_dose_ph3","Alum Dosage Phase 3","Chemical Usage","0.0","mg/L"
"2024-08-07","alum_dose_ph4","Alum Dosage Phase 4","Chemical Usage","23.475","mg/L"
"2024-08-07","alum_tons_ph1","Alum use Phase 1","Chemical Usage","0.0","Tons"
"2024-08-07","alum_tons_ph2","Alum use Phase 2","Chemical Usage","0.0","Tons"
"2024-08-07","alum_tons_ph3","Alum use Phase 3","Chemical Usage","0.0","Tons"
"2024-08-07","alum_tons_ph4","Alum use Phase 4","Chemical Usage","17.822","Tons"
"2024-08-07","alum_tons_total","Alum use Total","Chemical Usage","17.822","Tons"
"2024-08-07","dpstps_cmd_total","Treated Water Total","Water","1450600.0","m3"
"2024-08-07","pac_dose_ph1","PAC Dosage Phase 1","Chemical Usage","22.855999999999998","mg/L"
"2024-08-07","pac_dose_ph2","PAC Dosage Phase 2","Chemical Usage","22.805999999999997","mg/L"
"2024-08-07","pac_dose_ph3","PAC Dosage Phase 3","Chemical Usage","21.947","mg/L"
"2024-08-07","pac_dose_ph4","PAC Dosage Phase 4","Chemical Usage","0.0","mg/L"
"2024-08-07","pac_tons_ph1","PAC Used Phase 1","Chemical Usage","24.331999999999997","Tons"
"2024-08-07","pac_tons_ph2","PAC Used Phase 2","Chemical Usage","23.673000000000002","Tons"
"2024-08-07","pac_tons_ph3","PAC Used Phase 3","Chemical Usage","27.39","Tons"
"2024-08-07","pac_tons_ph4","PAC Used Phase 4","Chemical Usage","0.0","Tons"
"2024-08-07","pac_tons_total","Total PAC Used","Chemical Usage","75.395","Tons"
"2024-08-07","poly_dose_ph1","Polymer Dosage Phase 1","Chemical Usage","0.033972007","mg/L"
"2024-08-07","poly_dose_ph2","Polymer Dosage Phase 2","Chemical Usage","0.033972007","mg/L"
"2024-08-07","poly_dose_ph3","Polymer Dosage Phase 3","Chemical Usage","0.017148457","mg/L"
"2024-08-07","poly_dose_ph4","Polymer Dosage Phase 4","Chemical Usage","0.017148457","mg/L"
"2024-08-07","poly_tons_total","Total Polymer Used","Chemical Usage","0.039","Tons"
"2024-08-07","rw_cmd_total","Raw Water Phase Total","Water","1552300.0","m3"
"2024-08-08","alum_dose_ph1","Alum Dosage Phase 1","Chemical Usage","0.0","mg/L"
"2024-08-08","alum_dose_ph2","Alum Dosage Phase 2","Chemical Usage","0.0","mg/L"
"2024-08-08","alum_dose_ph3","Alum Dosage Phase 3","Chemical Usage","0.0","mg/L"
"2024-08-08","alum_dose_ph4","Alum Dosage Phase 4","Chemical Usage","19.797","mg/L"
"2024-08-08","alum_tons_ph1","Alum use Phase 1","Chemical Usage","0.0","Tons"
"2024-08-08","alum_tons_ph2","Alum use Phase 2","Chemical Usage","0.0","Tons"
"2024-08-08","alum_tons_ph3","Alum use Phase 3","Chemical Usage","0.0","Tons"
"2024-08-08","alum_tons_ph4","Alum use Phase 4","Chemical Usage","14.63","Tons"
"2024-08-08","alum_tons_total","Alum use Total","Chemical Usage","14.63","Tons"
"2024-08-08","dpstps_cmd_total","Treated Water Total","Water","1464200.0","m3"
"2024-08-08","pac_dose_ph1","PAC Dosage Phase 1","Chemical Usage","25.978","mg/L"
"2024-08-08","pac_dose_ph2","PAC Dosage Phase 2","Chemical Usage","25.744","mg/L"
"2024-08-08","pac_dose_ph3","PAC Dosage Phase 3","Chemical Usage","20.11","mg/L"
"2024-08-08","pac_dose_ph4","PAC Dosage Phase 4","Chemical Usage","0.0","mg/L"
"2024-08-08","pac_tons_ph1","PAC Used Phase 1","Chemical Usage","28.093000000000004","Tons"
"2024-08-08","pac_tons_ph2","PAC Used Phase 2","Chemical Usage","26.391","Tons"
"2024-08-08","pac_tons_ph3","PAC Used Phase 3","Chemical Usage","24.483","Tons"
"2024-08-08","pac_tons_ph4","PAC Used Phase 4","Chemical Usage","0.0","Tons"
"2024-08-08","pac_tons_total","Total PAC Used","Chemical Usage","78.967","Tons"
"2024-08-08","poly_dose_ph1","Polymer Dosage Phase 1","Chemical Usage","0.027126","mg/L"
"2024-08-08","poly_dose_ph2","Polymer Dosage Phase 2","Chemical Usage","0.027126","mg/L"
"2024-08-08","poly_dose_ph3","Polymer Dosage Phase 3","Chemical Usage","0","mg/L"
"2024-08-08","poly_dose_ph4","Polymer Dosage Phase 4","Chemical Usage","0.0","mg/L"
"2024-08-08","poly_tons_total","Total Polymer Used","Chemical Usage","0.02","Tons"
"2024-08-08","rw_cmd_total","Raw Water Phase Total","Water","1532900.0","m3"
"2024-08-09","alum_dose_ph1","Alum Dosage Phase 1","Chemical Usage","0.0","mg/L"
"2024-08-09","alum_dose_ph2","Alum Dosage Phase 2","Chemical Usage","0.0","mg/L"
"2024-08-09","alum_dose_ph3","Alum Dosage Phase 3","Chemical Usage","0.0","mg/L"
"2024-08-09","alum_dose_ph4","Alum Dosage Phase 4","Chemical Usage","21.611","mg/L"
"2024-08-09","alum_tons_ph1","Alum use Phase 1","Chemical Usage","0.0","Tons"
"2024-08-09","alum_tons_ph2","Alum use Phase 2","Chemical Usage","0.0","Tons"
"2024-08-09","alum_tons_ph3","Alum use Phase 3","Chemical Usage","0.0","Tons"
"2024-08-09","alum_tons_ph4","Alum use Phase 4","Chemical Usage","15.694","Tons"
"2024-08-09","alum_tons_total","Alum use Total","Chemical Usage","15.694","Tons"
"2024-08-09","dpstps_cmd_total","Treated Water Total","Water","1463400.0","m3"
"2024-08-09","pac_dose_ph1","PAC Dosage Phase 1","Chemical Usage","22.718000000000004","mg/L"
"2024-08-09","pac_dose_ph2","PAC Dosage Phase 2","Chemical Usage","24.209","mg/L"
"2024-08-09","pac_dose_ph3","PAC Dosage Phase 3","Chemical Usage","16.072","mg/L"
"2024-08-09","pac_dose_ph4","PAC Dosage Phase 4","Chemical Usage","0.0","mg/L"
"2024-08-09","pac_tons_ph1","PAC Used Phase 1","Chemical Usage","24.484","Tons"
"2024-08-09","pac_tons_ph2","PAC Used Phase 2","Chemical Usage","24.334","Tons"
"2024-08-09","pac_tons_ph3","PAC Used Phase 3","Chemical Usage","20.214000000000002","Tons"
"2024-08-09","pac_tons_ph4","PAC Used Phase 4","Chemical Usage","0.0","Tons"
"2024-08-09","pac_tons_total","Total PAC Used","Chemical Usage","69.032","Tons"
"2024-08-09","poly_dose_ph1","Polymer Dosage Phase 1","Chemical Usage","0.027434842","mg/L"
"2024-08-09","poly_dose_ph2","Polymer Dosage Phase 2","Chemical Usage","0.027434842","mg/L"
"2024-08-09","poly_dose_ph3","Polymer Dosage Phase 3","Chemical Usage","0","mg/L"
"2024-08-09","poly_dose_ph4","Polymer Dosage Phase 4","Chemical Usage","0.0","mg/L"
"2024-08-09","poly_tons_total","Total Polymer Used","Chemical Usage","0.02","Tons"
"2024-08-09","rw_cmd_total","Raw Water Phase Total","Water","1532300.0","m3"
"2024-08-10","alum_dose_ph1","Alum Dosage Phase 1","Chemical Usage","0.0","mg/L"
"2024-08-10","alum_dose_ph2","Alum Dosage Phase 2","Chemical Usage","0.0","mg/L"
"2024-08-10","alum_dose_ph3","Alum Dosage Phase 3","Chemical Usage","0.0","mg/L"
"2024-08-10","alum_dose_ph4","Alum Dosage Phase 4","Chemical Usage","18.160999999999998","mg/L"
"2024-08-10","alum_tons_ph1","Alum use Phase 1","Chemical Usage","0.0","Tons"
"2024-08-10","alum_tons_ph2","Alum use Phase 2","Chemical Usage","0.0","Tons"
"2024-08-10","alum_tons_ph3","Alum use Phase 3","Chemical Usage","0.0","Tons"
"2024-08-10","alum_tons_ph4","Alum use Phase 4","Chemical Usage","13.167","Tons"
"2024-08-10","alum_tons_total","Alum use Total","Chemical Usage","13.167","Tons"
"2024-08-10","dpstps_cmd_total","Treated Water Total","Water","1525200.0","m3"
"2024-08-10","pac_dose_ph1","PAC Dosage Phase 1","Chemical Usage","21.104","mg/L"
"2024-08-10","pac_dose_ph2","PAC Dosage Phase 2","Chemical Usage","21.75800000000001","mg/L"
"2024-08-10","pac_dose_ph3","PAC Dosage Phase 3","Chemical Usage","15.591","mg/L"
"2024-08-10","pac_dose_ph4","PAC Dosage Phase 4","Chemical Usage","0.0","mg/L"
"2024-08-10","pac_tons_ph1","PAC Used Phase 1","Chemical Usage","24.818","Tons"
"2024-08-10","pac_tons_ph2","PAC Used Phase 2","Chemical Usage","22.585","Tons"
"2024-08-10","pac_tons_ph3","PAC Used Phase 3","Chemical Usage","20.211","Tons"
"2024-08-10","pac_tons_ph4","PAC Used Phase 4","Chemical Usage","0.0","Tons"
"2024-08-10","pac_tons_total","Total PAC Used","Chemical Usage","67.61399999999999","Tons"
"2024-08-10","poly_dose_ph1","Polymer Dosage Phase 1","Chemical Usage","0.025809782000000003","mg/L"
"2024-08-10","poly_dose_ph2","Polymer Dosage Phase 2","Chemical Usage","0.025809782000000003","mg/L"
"2024-08-10","poly_dose_ph3","Polymer Dosage Phase 3","Chemical Usage","0","mg/L"
"2024-08-10","poly_dose_ph4","Polymer Dosage Phase 4","Chemical Usage","0.0","mg/L"
"2024-08-10","poly_tons_total","Total Polymer Used","Chemical Usage","0.02","Tons"
"2024-08-10","rw_cmd_total","Raw Water Phase Total","Water","1591100.0","m3"
"2024-08-11","alum_dose_ph1","Alum Dosage Phase 1","Chemical Usage","0.0","mg/L"
"2024-08-11","alum_dose_ph2","Alum Dosage Phase 2","Chemical Usage","0.0","mg/L"
"2024-08-11","alum_dose_ph3","Alum Dosage Phase 3","Chemical Usage","0.0","mg/L"
"2024-08-11","alum_dose_ph4","Alum Dosage Phase 4","Chemical Usage","16.336","mg/L"
"2024-08-11","alum_tons_ph1","Alum use Phase 1","Chemical Usage","0.0","Tons"
"2024-08-11","alum_tons_ph2","Alum use Phase 2","Chemical Usage","0.0","Tons"
"2024-08-11","alum_tons_ph3","Alum use Phase 3","Chemical Usage","0.0","Tons"
"2024-08-11","alum_tons_ph4","Alum use Phase 4","Chemical Usage","11.837","Tons"
"2024-08-11","alum_tons_total","Alum use Total","Chemical Usage","11.837","Tons"
"2024-08-11","dpstps_cmd_total","Treated Water Total","Water","1523200.0","m3"
"2024-08-11","pac_dose_ph1","PAC Dosage Phase 1","Chemical Usage","20.058","mg/L"
"2024-08-11","pac_dose_ph2","PAC Dosage Phase 2","Chemical Usage","19.924","mg/L"
"2024-08-11","pac_dose_ph3","PAC Dosage Phase 3","Chemical Usage","13.869000000000002","mg/L"
"2024-08-11","pac_dose_ph4","PAC Dosage Phase 4","Chemical Usage","0.0","mg/L"
"2024-08-11","pac_tons_ph1","PAC Used Phase 1","Chemical Usage","23.732","Tons"
"2024-08-11","pac_tons_ph2","PAC Used Phase 2","Chemical Usage","20.766","Tons"
"2024-08-11","pac_tons_ph3","PAC Used Phase 3","Chemical Usage","17.99","Tons"
"2024-08-11","pac_tons_ph4","PAC Used Phase 4","Chemical Usage","0.0","Tons"
"2024-08-11","pac_tons_total","Total PAC Used","Chemical Usage","62.488","Tons"
"2024-08-11","poly_dose_ph1","Polymer Dosage Phase 1","Chemical Usage","0.0","mg/L"
"2024-08-11","poly_dose_ph2","Polymer Dosage Phase 2","Chemical Usage","0.0","mg/L"
"2024-08-11","poly_dose_ph3","Polymer Dosage Phase 3","Chemical Usage","0","mg/L"
"2024-08-11","poly_dose_ph4","Polymer Dosage Phase 4","Chemical Usage","0.0","mg/L"
"2024-08-11","poly_tons_total","Total Polymer Used","Chemical Usage","0.0","Tons"
"2024-08-11","rw_cmd_total","Raw Water Phase Total","Water","1595200.0","m3"
"2024-08-12","alum_dose_ph1","Alum Dosage Phase 1","Chemical Usage","0.0","mg/L"
"2024-08-12","alum_dose_ph2","Alum Dosage Phase 2","Chemical Usage","0.0","mg/L"
"2024-08-12","alum_dose_ph3","Alum Dosage Phase 3","Chemical Usage","0.0","mg/L"
"2024-08-12","alum_dose_ph4","Alum Dosage Phase 4","Chemical Usage","16.125999999999998","mg/L"
"2024-08-12","alum_tons_ph1","Alum use Phase 1","Chemical Usage","0.0","Tons"
"2024-08-12","alum_tons_ph2","Alum use Phase 2","Chemical Usage","0.0","Tons"
"2024-08-12","alum_tons_ph3","Alum use Phase 3","Chemical Usage","0.0","Tons"
"2024-08-12","alum_tons_ph4","Alum use Phase 4","Chemical Usage","11.704","Tons"
"2024-08-12","alum_tons_total","Alum use Total","Chemical Usage","11.704","Tons"
"2024-08-12","dpstps_cmd_total","Treated Water Total","Water","1509600.0","m3"
"2024-08-12","pac_dose_ph1","PAC Dosage Phase 1","Chemical Usage","18.997","mg/L"
"2024-08-12","pac_dose_ph2","PAC Dosage Phase 2","Chemical Usage","18.838","mg/L"
"2024-08-12","pac_dose_ph3","PAC Dosage Phase 3","Chemical Usage","12.665","mg/L"
"2024-08-12","pac_dose_ph4","PAC Dosage Phase 4","Chemical Usage","0.0","mg/L"
"2024-08-12","pac_tons_ph1","PAC Used Phase 1","Chemical Usage","22.427","Tons"
"2024-08-12","pac_tons_ph2","PAC Used Phase 2","Chemical Usage","19.624000000000002","Tons"
"2024-08-12","pac_tons_ph3","PAC Used Phase 3","Chemical Usage","16.41","Tons"
"2024-08-12","pac_tons_ph4","PAC Used Phase 4","Chemical Usage","0.0","Tons"
"2024-08-12","pac_tons_total","Total PAC Used","Chemical Usage","58.46100000000001","Tons"
"2024-08-12","poly_dose_ph1","Polymer Dosage Phase 1","Chemical Usage","0.0","mg/L"
"2024-08-12","poly_dose_ph2","Polymer Dosage Phase 2","Chemical Usage","0.0","mg/L"
"2024-08-12","poly_dose_ph3","Polymer Dosage Phase 3","Chemical Usage","0","mg/L"
"2024-08-12","poly_dose_ph4","Polymer Dosage Phase 4","Chemical Usage","0.0","mg/L"
"2024-08-12","poly_tons_total","Total Polymer Used","Chemical Usage","0.0","Tons"
"2024-08-12","rw_cmd_total","Raw Water Phase Total","Water","1594200.0","m3"
"2024-08-13","alum_dose_ph1","Alum Dosage Phase 1","Chemical Usage","0.0","mg/L"
"2024-08-13","alum_dose_ph2","Alum Dosage Phase 2","Chemical Usage","0.0","mg/L"
"2024-08-13","alum_dose_ph3","Alum Dosage Phase 3","Chemical Usage","0.0","mg/L"
"2024-08-13","alum_dose_ph4","Alum Dosage Phase 4","Chemical Usage","17.023","mg/L"
"2024-08-13","alum_tons_ph1","Alum use Phase 1","Chemical Usage","0.0","Tons"
"2024-08-13","alum_tons_ph2","Alum use Phase 2","Chemical Usage","0.0","Tons"
"2024-08-13","alum_tons_ph3","Alum use Phase 3","Chemical Usage","0.0","Tons"
"2024-08-13","alum_tons_ph4","Alum use Phase 4","Chemical Usage","12.369000000000002","Tons"
"2024-08-13","alum_tons_total","Alum use Total","Chemical Usage","12.369000000000002","Tons"
"2024-08-13","dpstps_cmd_total","Treated Water Total","Water","1474200.0","m3"
"2024-08-13","pac_dose_ph1","PAC Dosage Phase 1","Chemical Usage","17.937","mg/L"
"2024-08-13","pac_dose_ph2","PAC Dosage Phase 2","Chemical Usage","17.885","mg/L"
"2024-08-13","pac_dose_ph3","PAC Dosage Phase 3","Chemical Usage","11.81","mg/L"
"2024-08-13","pac_dose_ph4","PAC Dosage Phase 4","Chemical Usage","0.0","mg/L"
"2024-08-13","pac_tons_ph1","PAC Used Phase 1","Chemical Usage","20.945","Tons"
"2024-08-13","pac_tons_ph2","PAC Used Phase 2","Chemical Usage","18.585","Tons"
"2024-08-13","pac_tons_ph3","PAC Used Phase 3","Chemical Usage","15.235","Tons"
"2024-08-13","pac_tons_ph4","PAC Used Phase 4","Chemical Usage","0.0","Tons"
"2024-08-13","pac_tons_total","Total PAC Used","Chemical Usage","54.765","Tons"
"2024-08-13","poly_dose_ph1","Polymer Dosage Phase 1","Chemical Usage","0.0","mg/L"
"2024-08-13","poly_dose_ph2","Polymer Dosage Phase 2","Chemical Usage","0.0","mg/L"
"2024-08-13","poly_dose_ph3","Polymer Dosage Phase 3","Chemical Usage","0","mg/L"
"2024-08-13","poly_dose_ph4","Polymer Dosage Phase 4","Chemical Usage","0.0","mg/L"
"2024-08-13","poly_tons_total","Total Polymer Used","Chemical Usage","0.0","Tons"
"2024-08-13","rw_cmd_total","Raw Water Phase Total","Water","1587200.0","m3"
"2024-08-14","alum_dose_ph1","Alum Dosage Phase 1","Chemical Usage","0.0","mg/L"
"2024-08-14","alum_dose_ph2","Alum Dosage Phase 2","Chemical Usage","0.0","mg/L"
"2024-08-14","alum_dose_ph3","Alum Dosage Phase 3","Chemical Usage","0.0","mg/L"
"2024-08-14","alum_dose_ph4","Alum Dosage Phase 4","Chemical Usage","14.484000000000002","mg/L"
"2024-08-14","alum_tons_ph1","Alum use Phase 1","Chemical Usage","0.0","Tons"
"2024-08-14","alum_tons_ph2","Alum use Phase 2","Chemical Usage","0.0","Tons"
"2024-08-14","alum_tons_ph3","Alum use Phase 3","Chemical Usage","0.0","Tons"
"2024-08-14","alum_tons_ph4","Alum use Phase 4","Chemical Usage","10.507","Tons"
"2024-08-14","alum_tons_total","Alum use Total","Chemical Usage","10.507","Tons"
"2024-08-14","dpstps_cmd_total","Treated Water Total","Water","1490400.0","m3"
"2024-08-14","pac_dose_ph1","PAC Dosage Phase 1","Chemical Usage","16.753","mg/L"
"2024-08-14","pac_dose_ph2","PAC Dosage Phase 2","Chemical Usage","16.762999999999998","mg/L"
"2024-08-14","pac_dose_ph3","PAC Dosage Phase 3","Chemical Usage","10.627","mg/L"
"2024-08-14","pac_dose_ph4","PAC Dosage Phase 4","Chemical Usage","0.0","mg/L"
"2024-08-14","pac_tons_ph1","PAC Used Phase 1","Chemical Usage","18.590999999999998","Tons"
"2024-08-14","pac_tons_ph2","PAC Used Phase 2","Chemical Usage","17.480999999999998","Tons"
"2024-08-14","pac_tons_ph3","PAC Used Phase 3","Chemical Usage","13.255999999999998","Tons"
"2024-08-14","pac_tons_ph4","PAC Used Phase 4","Chemical Usage","0.0","Tons"
"2024-08-14","pac_tons_total","Total PAC Used","Chemical Usage","49.328","Tons"
"2024-08-14","poly_dose_ph1","Polymer Dosage Phase 1","Chemical Usage","0.0","mg/L"
"2024-08-14","poly_dose_ph2","Polymer Dosage Phase 2","Chemical Usage","0.0","mg/L"
"2024-08-14","poly_dose_ph3","Polymer Dosage Phase 3","Chemical Usage","0","mg/L"
"2024-08-14","poly_dose_ph4","Polymer Dosage Phase 4","Chemical Usage","0.0","mg/L"
"2024-08-14","poly_tons_total","Total Polymer Used","Chemical Usage","0.0","Tons"
"2024-08-14","rw_cmd_total","Raw Water Phase Total","Water","1552700.0","m3"
"2024-08-15","alum_dose_ph1","Alum Dosage Phase 1","Chemical Usage","0.0","mg/L"
"2024-08-15","alum_dose_ph2","Alum Dosage Phase 2","Chemical Usage","0.0","mg/L"
"2024-08-15","alum_dose_ph3","Alum Dosage Phase 3","Chemical Usage","0.0","mg/L"
"2024-08-15","alum_dose_ph4","Alum Dosage Phase 4","Chemical Usage","14.337","mg/L"
"2024-08-15","alum_tons_ph1","Alum use Phase 1","Chemical Usage","0.0","Tons"
"2024-08-15","alum_tons_ph2","Alum use Phase 2","Chemical Usage","0.0","Tons"
"2024-08-15","alum_tons_ph3","Alum use Phase 3","Chemical Usage","0.0","Tons"
"2024-08-15","alum_tons_ph4","Alum use Phase 4","Chemical Usage","10.374","Tons"
"2024-08-15","alum_tons_total","Alum use Total","Chemical Usage","10.374","Tons"
"2024-08-15","dpstps_cmd_total","Treated Water Total","Water","1469800.0","m3"
"2024-08-15","pac_dose_ph1","PAC Dosage Phase 1","Chemical Usage","15.482999999999999","mg/L"
"2024-08-15","pac_dose_ph2","PAC Dosage Phase 2","Chemical Usage","15.979000000000001","mg/L"
"2024-08-15","pac_dose_ph3","PAC Dosage Phase 3","Chemical Usage","10.254000000000001","mg/L"
"2024-08-15","pac_dose_ph4","PAC Dosage Phase 4","Chemical Usage","0.0","mg/L"
"2024-08-15","pac_tons_ph1","PAC Used Phase 1","Chemical Usage","17.39","Tons"
"2024-08-15","pac_tons_ph2","PAC Used Phase 2","Chemical Usage","16.769000000000002","Tons"
"2024-08-15","pac_tons_ph3","PAC Used Phase 3","Chemical Usage","12.738","Tons"
"2024-08-15","pac_tons_ph4","PAC Used Phase 4","Chemical Usage","0.0","Tons"
"2024-08-15","pac_tons_total","Total PAC Used","Chemical Usage","46.897","Tons"
"2024-08-15","poly_dose_ph1","Polymer Dosage Phase 1","Chemical Usage","0.0","mg/L"
"2024-08-15","poly_dose_ph2","Polymer Dosage Phase 2","Chemical Usage","0.0","mg/L"
"2024-08-15","poly_dose_ph3","Polymer Dosage Phase 3","Chemical Usage","0","mg/L"
"2024-08-15","poly_dose_ph4","Polymer Dosage Phase 4","Chemical Usage","0.0","mg/L"
"2024-08-15","poly_tons_total","Total Polymer Used","Chemical Usage","0.0","Tons"
"2024-08-15","rw_cmd_total","Raw Water Phase Total","Water","1557000.0","m3"
"2024-08-16","alum_dose_ph1","Alum Dosage Phase 1","Chemical Usage","0.0","mg/L"
"2024-08-16","alum_dose_ph2","Alum Dosage Phase 2","Chemical Usage","0.0","mg/L"
"2024-08-16","alum_dose_ph3","Alum Dosage Phase 3","Chemical Usage","0.0","mg/L"
"2024-08-16","alum_dose_ph4","Alum Dosage Phase 4","Chemical Usage","14.297","mg/L"
"2024-08-16","alum_tons_ph1","Alum use Phase 1","Chemical Usage","0.0","Tons"
"2024-08-16","alum_tons_ph2","Alum use Phase 2","Chemical Usage","0.0","Tons"
"2024-08-16","alum_tons_ph3","Alum use Phase 3","Chemical Usage","0.0","Tons"
"2024-08-16","alum_tons_ph4","Alum use Phase 4","Chemical Usage","10.374","Tons"
"2024-08-16","alum_tons_total","Alum use Total","Chemical Usage","10.374","Tons"
"2024-08-16","dpstps_cmd_total","Treated Water Total","Water","1491500.0","m3"
"2024-08-16","pac_dose_ph1","PAC Dosage Phase 1","Chemical Usage","14.687999999999999","mg/L"
"2024-08-16","pac_dose_ph2","PAC Dosage Phase 2","Chemical Usage","14.405999999999999","mg/L"
"2024-08-16","pac_dose_ph3","PAC Dosage Phase 3","Chemical Usage","10.175","mg/L"
"2024-08-16","pac_dose_ph4","PAC Dosage Phase 4","Chemical Usage","0.0","mg/L"
"2024-08-16","pac_tons_ph1","PAC Used Phase 1","Chemical Usage","16.535","Tons"
"2024-08-16","pac_tons_ph2","PAC Used Phase 2","Chemical Usage","15.097999999999999","Tons"
"2024-08-16","pac_tons_ph3","PAC Used Phase 3","Chemical Usage","12.978","Tons"
"2024-08-16","pac_tons_ph4","PAC Used Phase 4","Chemical Usage","0.0","Tons"
"2024-08-16","pac_tons_total","Total PAC Used","Chemical Usage","44.611000000000004","Tons"
"2024-08-16","poly_dose_ph1","Polymer Dosage Phase 1","Chemical Usage","0.0","mg/L"
"2024-08-16","poly_dose_ph2","Polymer Dosage Phase 2","Chemical Usage","0.0","mg/L"
"2024-08-16","poly_dose_ph3","Polymer Dosage Phase 3","Chemical Usage","0","mg/L"
"2024-08-16","poly_dose_ph4","Polymer Dosage Phase 4","Chemical Usage","0.0","mg/L"
"2024-08-16","poly_tons_total","Total Polymer Used","Chemical Usage","0.0","Tons"
"2024-08-16","rw_cmd_total","Raw Water Phase Total","Water","1570000.0","m3"
"2024-08-17","alum_dose_ph1","Alum Dosage Phase 1","Chemical Usage","0.0","mg/L"
"2024-08-17","alum_dose_ph2","Alum Dosage Phase 2","Chemical Usage","0.0","mg/L"
"2024-08-17","alum_dose_ph3","Alum Dosage Phase 3","Chemical Usage","0.0","mg/L"
"2024-08-17","alum_dose_ph4","Alum Dosage Phase 4","Chemical Usage","15.515","mg/L"
"2024-08-17","alum_tons_ph1","Alum use Phase 1","Chemical Usage","0.0","Tons"
"2024-08-17","alum_tons_ph2","Alum use Phase 2","Chemical Usage","0.0","Tons"
"2024-08-17","alum_tons_ph3","Alum use Phase 3","Chemical Usage","0.0","Tons"
"2024-08-17","alum_tons_ph4","Alum use Phase 4","Chemical Usage","11.571","Tons"
"2024-08-17","alum_tons_total","Alum use Total","Chemical Usage","11.571","Tons"
"2024-08-17","dpstps_cmd_total","Treated Water Total","Water","1520600.0","m3"
"2024-08-17","pac_dose_ph1","PAC Dosage Phase 1","Chemical Usage","15.52","mg/L"
"2024-08-17","pac_dose_ph2","PAC Dosage Phase 2","Chemical Usage","15.369000000000002","mg/L"
"2024-08-17","pac_dose_ph3","PAC Dosage Phase 3","Chemical Usage","9.573","mg/L"
"2024-08-17","pac_dose_ph4","PAC Dosage Phase 4","Chemical Usage","0.0","mg/L"
"2024-08-17","pac_tons_ph1","PAC Used Phase 1","Chemical Usage","17.555","Tons"
"2024-08-17","pac_tons_ph2","PAC Used Phase 2","Chemical Usage","16.028","Tons"
"2024-08-17","pac_tons_ph3","PAC Used Phase 3","Chemical Usage","12.398","Tons"
"2024-08-17","pac_tons_ph4","PAC Used Phase 4","Chemical Usage","0.0","Tons"
"2024-08-17","pac_tons_total","Total PAC Used","Chemical Usage","45.981","Tons"
"2024-08-17","poly_dose_ph1","Polymer Dosage Phase 1","Chemical Usage","0.0","mg/L"
"2024-08-17","poly_dose_ph2","Polymer Dosage Phase 2","Chemical Usage","0.0","mg/L"
"2024-08-17","poly_dose_ph3","Polymer Dosage Phase 3","Chemical Usage","0","mg/L"
"2024-08-17","poly_dose_ph4","Polymer Dosage Phase 4","Chemical Usage","0.0","mg/L"
"2024-08-17","poly_tons_total","Total Polymer Used","Chemical Usage","0.0","Tons"
"2024-08-17","rw_cmd_total","Raw Water Phase Total","Water","1587100.0","m3"
"2024-08-18","alum_dose_ph1","Alum Dosage Phase 1","Chemical Usage","0.0","mg/L"
"2024-08-18","alum_dose_ph2","Alum Dosage Phase 2","Chemical Usage","0.0","mg/L"
"2024-08-18","alum_dose_ph3","Alum Dosage Phase 3","Chemical Usage","0.0","mg/L"
"2024-08-18","alum_dose_ph4","Alum Dosage Phase 4","Chemical Usage","14.859000000000002","mg/L"
"2024-08-18","alum_tons_ph1","Alum use Phase 1","Chemical Usage","0.0","Tons"
"2024-08-18","alum_tons_ph2","Alum use Phase 2","Chemical Usage","0.0","Tons"
"2024-08-18","alum_tons_ph3","Alum use Phase 3","Chemical Usage","0.0","Tons"
"2024-08-18","alum_tons_ph4","Alum use Phase 4","Chemical Usage","11.305","Tons"
"2024-08-18","alum_tons_total","Alum use Total","Chemical Usage","11.305","Tons"
"2024-08-18","dpstps_cmd_total","Treated Water Total","Water","1519000.0","m3"
"2024-08-18","pac_dose_ph1","PAC Dosage Phase 1","Chemical Usage","15.25","mg/L"
"2024-08-18","pac_dose_ph2","PAC Dosage Phase 2","Chemical Usage","15.171","mg/L"
"2024-08-18","pac_dose_ph3","PAC Dosage Phase 3","Chemical Usage","9.754","mg/L"
"2024-08-18","pac_dose_ph4","PAC Dosage Phase 4","Chemical Usage","0.0","mg/L"
"2024-08-18","pac_tons_ph1","PAC Used Phase 1","Chemical Usage","17.594","Tons"
"2024-08-18","pac_tons_ph2","PAC Used Phase 2","Chemical Usage","15.786","Tons"
"2024-08-18","pac_tons_ph3","PAC Used Phase 3","Chemical Usage","12.672","Tons"
"2024-08-18","pac_tons_ph4","PAC Used Phase 4","Chemical Usage","0.0","Tons"
"2024-08-18","pac_tons_total","Total PAC Used","Chemical Usage","46.052","Tons"
"2024-08-18","poly_dose_ph1","Polymer Dosage Phase 1","Chemical Usage","0.0","mg/L"
"2024-08-18","poly_dose_ph2","Polymer Dosage Phase 2","Chemical Usage","0.0","mg/L"
"2024-08-18","poly_dose_ph3","Polymer Dosage Phase 3","Chemical Usage","0","mg/L"
"2024-08-18","poly_dose_ph4","Polymer Dosage Phase 4","Chemical Usage","0.0","mg/L"
"2024-08-18","poly_tons_total","Total Polymer Used","Chemical Usage","0.0","Tons"
"2024-08-18","rw_cmd_total","Raw Water Phase Total","Water","1603100.0","m3"
"2024-08-19","alum_dose_ph1","Alum Dosage Phase 1","Chemical Usage","0.0","mg/L"
"2024-08-19","alum_dose_ph2","Alum Dosage Phase 2","Chemical Usage","0.0","mg/L"
"2024-08-19","alum_dose_ph3","Alum Dosage Phase 3","Chemical Usage","0.0","mg/L"
"2024-08-19","alum_dose_ph4","Alum Dosage Phase 4","Chemical Usage","12.940999999999999","mg/L"
"2024-08-19","alum_tons_ph1","Alum use Phase 1","Chemical Usage","0.0","Tons"
"2024-08-19","alum_tons_ph2","Alum use Phase 2","Chemical Usage","0.0","Tons"
"2024-08-19","alum_tons_ph3","Alum use Phase 3","Chemical Usage","0.0","Tons"
"2024-08-19","alum_tons_ph4","Alum use Phase 4","Chemical Usage","9.576","Tons"
"2024-08-19","alum_tons_total","Alum use Total","Chemical Usage","9.576","Tons"
"2024-08-19","dpstps_cmd_total","Treated Water Total","Water","1500800.0","m3"
"2024-08-19","pac_dose_ph1","PAC Dosage Phase 1","Chemical Usage","15.235","mg/L"
"2024-08-19","pac_dose_ph2","PAC Dosage Phase 2","Chemical Usage","15.054","mg/L"
"2024-08-19","pac_dose_ph3","PAC Dosage Phase 3","Chemical Usage","9.999","mg/L"
"2024-08-19","pac_dose_ph4","PAC Dosage Phase 4","Chemical Usage","0.0","mg/L"
"2024-08-19","pac_tons_ph1","PAC Used Phase 1","Chemical Usage","17.525","Tons"
"2024-08-19","pac_tons_ph2","PAC Used Phase 2","Chemical Usage","15.716","Tons"
"2024-08-19","pac_tons_ph3","PAC Used Phase 3","Chemical Usage","12.967","Tons"
"2024-08-19","pac_tons_ph4","PAC Used Phase 4","Chemical Usage","0.0","Tons"
"2024-08-19","pac_tons_total","Total PAC Used","Chemical Usage","46.208","Tons"
"2024-08-19","poly_dose_ph1","Polymer Dosage Phase 1","Chemical Usage","0.0","mg/L"
"2024-08-19","poly_dose_ph2","Polymer Dosage Phase 2","Chemical Usage","0.0","mg/L"
"2024-08-19","poly_dose_ph3","Polymer Dosage Phase 3","Chemical Usage","0","mg/L"
"2024-08-19","poly_dose_ph4","Polymer Dosage Phase 4","Chemical Usage","0.0","mg/L"
"2024-08-19","poly_tons_total","Total Polymer Used","Chemical Usage","0.0","Tons"
"2024-08-19","rw_cmd_total","Raw Water Phase Total","Water","1591900.0","m3"
"2024-08-20","alum_dose_ph1","Alum Dosage Phase 1","Chemical Usage","0.0","mg/L"
"2024-08-20","alum_dose_ph2","Alum Dosage Phase 2","Chemical Usage","0.0","mg/L"
"2024-08-20","alum_dose_ph3","Alum Dosage Phase 3","Chemical Usage","0.0","mg/L"
"2024-08-20","alum_dose_ph4","Alum Dosage Phase 4","Chemical Usage","13.747","mg/L"
"2024-08-20","alum_tons_ph1","Alum use Phase 1","Chemical Usage","0.0","Tons"
"2024-08-20","alum_tons_ph2","Alum use Phase 2","Chemical Usage","0.0","Tons"
"2024-08-20","alum_tons_ph3","Alum use Phase 3","Chemical Usage","0.0","Tons"
"2024-08-20","alum_tons_ph4","Alum use Phase 4","Chemical Usage","9.975","Tons"
"2024-08-20","alum_tons_total","Alum use Total","Chemical Usage","9.975","Tons"
"2024-08-20","dpstps_cmd_total","Treated Water Total","Water","1484800.0","m3"
"2024-08-20","pac_dose_ph1","PAC Dosage Phase 1","Chemical Usage","15.798","mg/L"
"2024-08-20","pac_dose_ph2","PAC Dosage Phase 2","Chemical Usage","15.610999999999999","mg/L"
"2024-08-20","pac_dose_ph3","PAC Dosage Phase 3","Chemical Usage","10.343","mg/L"
"2024-08-20","pac_dose_ph4","PAC Dosage Phase 4","Chemical Usage","0.0","mg/L"
"2024-08-20","pac_tons_ph1","PAC Used Phase 1","Chemical Usage","17.807000000000006","Tons"
"2024-08-20","pac_tons_ph2","PAC Used Phase 2","Chemical Usage","16.258","Tons"
"2024-08-20","pac_tons_ph3","PAC Used Phase 3","Chemical Usage","13.414000000000001","Tons"
"2024-08-20","pac_tons_ph4","PAC Used Phase 4","Chemical Usage","0.0","Tons"
"2024-08-20","pac_tons_total","Total PAC Used","Chemical Usage","47.479","Tons"
"2024-08-20","poly_dose_ph1","Polymer Dosage Phase 1","Chemical Usage","0.0","mg/L"
"2024-08-20","poly_dose_ph2","Polymer Dosage Phase 2","Chemical Usage","0.0","mg/L"
"2024-08-20","poly_dose_ph3","Polymer Dosage Phase 3","Chemical Usage","0","mg/L"
"2024-08-20","poly_dose_ph4","Polymer Dosage Phase 4","Chemical Usage","0.0","mg/L"
"2024-08-20","poly_tons_total","Total Polymer Used","Chemical Usage","0.0","Tons"
"2024-08-20","rw_cmd_total","Raw Water Phase Total","Water","1575700.0","m3"
"2024-08-21","alum_dose_ph1","Alum Dosage Phase 1","Chemical Usage","0.0","mg/L"
"2024-08-21","alum_dose_ph2","Alum Dosage Phase 2","Chemical Usage","28.465999999999998","mg/L"
"2024-08-21","alum_dose_ph3","Alum Dosage Phase 3","Chemical Usage","0.0","mg/L"
"2024-08-21","alum_dose_ph4","Alum Dosage Phase 4","Chemical Usage","22.124000000000002","mg/L"
"2024-08-21","alum_tons_ph1","Alum use Phase 1","Chemical Usage","0.0","Tons"
"2024-08-21","alum_tons_ph2","Alum use Phase 2","Chemical Usage","8.352","Tons"
"2024-08-21","alum_tons_ph3","Alum use Phase 3","Chemical Usage","0.0","Tons"
"2024-08-21","alum_tons_ph4","Alum use Phase 4","Chemical Usage","4.416","Tons"
"2024-08-21","alum_tons_total","Alum use Total","Chemical Usage","12.767999999999999","Tons"
"2024-08-21","dpstps_cmd_total","Treated Water Total","Water","1459200.0","m3"
"2024-08-21","pac_dose_ph1","PAC Dosage Phase 1","Chemical Usage","14.481","mg/L"
"2024-08-21","pac_dose_ph2","PAC Dosage Phase 2","Chemical Usage","9.962","mg/L"
"2024-08-21","pac_dose_ph3","PAC Dosage Phase 3","Chemical Usage","9.524","mg/L"
"2024-08-21","pac_dose_ph4","PAC Dosage Phase 4","Chemical Usage","7.745","mg/L"
"2024-08-21","pac_tons_ph1","PAC Used Phase 1","Chemical Usage","16.757","Tons"
"2024-08-21","pac_tons_ph2","PAC Used Phase 2","Chemical Usage","6.216","Tons"
"2024-08-21","pac_tons_ph3","PAC Used Phase 3","Chemical Usage","12.311","Tons"
"2024-08-21","pac_tons_ph4","PAC Used Phase 4","Chemical Usage","5.8","Tons"
"2024-08-21","pac_tons_total","Total PAC Used","Chemical Usage","41.083999999999996","Tons"
"2024-08-21","poly_dose_ph1","Polymer Dosage Phase 1","Chemical Usage","0.0","mg/L"
"2024-08-21","poly_dose_ph2","Polymer Dosage Phase 2","Chemical Usage","0.0","mg/L"
"2024-08-21","poly_dose_ph3","Polymer Dosage Phase 3","Chemical Usage","0","mg/L"
"2024-08-21","poly_dose_ph4","Polymer Dosage Phase 4","Chemical Usage","0.0","mg/L"
"2024-08-21","poly_tons_total","Total Polymer Used","Chemical Usage","0.0","Tons"
"2024-08-21","rw_cmd_total","Raw Water Phase Total","Water","1584400.0","m3"
"2024-08-22","alum_dose_ph1","Alum Dosage Phase 1","Chemical Usage","0.0","mg/L"
"2024-08-22","alum_dose_ph2","Alum Dosage Phase 2","Chemical Usage","15.022","mg/L"
"2024-08-22","alum_dose_ph3","Alum Dosage Phase 3","Chemical Usage","0.0","mg/L"
"2024-08-22","alum_dose_ph4","Alum Dosage Phase 4","Chemical Usage","0.0","mg/L"
"2024-08-22","alum_tons_ph1","Alum use Phase 1","Chemical Usage","0.0","Tons"
"2024-08-22","alum_tons_ph2","Alum use Phase 2","Chemical Usage","10.905999999999999","Tons"
"2024-08-22","alum_tons_ph3","Alum use Phase 3","Chemical Usage","0.0","Tons"
"2024-08-22","alum_tons_ph4","Alum use Phase 4","Chemical Usage","0.0","Tons"
"2024-08-22","alum_tons_total","Alum use Total","Chemical Usage","10.905999999999999","Tons"
"2024-08-22","dpstps_cmd_total","Treated Water Total","Water","1470700.0","m3"
"2024-08-22","pac_dose_ph1","PAC Dosage Phase 1","Chemical Usage","14.495","mg/L"
"2024-08-22","pac_dose_ph2","PAC Dosage Phase 2","Chemical Usage","0.0","mg/L"
"2024-08-22","pac_dose_ph3","PAC Dosage Phase 3","Chemical Usage","9.976","mg/L"
"2024-08-22","pac_dose_ph4","PAC Dosage Phase 4","Chemical Usage","10.077","mg/L"
"2024-08-22","pac_tons_ph1","PAC Used Phase 1","Chemical Usage","16.28","Tons"
"2024-08-22","pac_tons_ph2","PAC Used Phase 2","Chemical Usage","0.0","Tons"
"2024-08-22","pac_tons_ph3","PAC Used Phase 3","Chemical Usage","11.811","Tons"
"2024-08-22","pac_tons_ph4","PAC Used Phase 4","Chemical Usage","10.443","Tons"
"2024-08-22","pac_tons_total","Total PAC Used","Chemical Usage","38.534","Tons"
"2024-08-22","poly_dose_ph1","Polymer Dosage Phase 1","Chemical Usage","0.0","mg/L"
"2024-08-22","poly_dose_ph2","Polymer Dosage Phase 2","Chemical Usage","0.0","mg/L"
"2024-08-22","poly_dose_ph3","Polymer Dosage Phase 3","Chemical Usage","0","mg/L"
"2024-08-22","poly_dose_ph4","Polymer Dosage Phase 4","Chemical Usage","0.0","mg/L"
"2024-08-22","poly_tons_total","Total Polymer Used","Chemical Usage","0.0","Tons"
"2024-08-22","rw_cmd_total","Raw Water Phase Total","Water","1533200.0","m3"
"2024-08-23","alum_dose_ph1","Alum Dosage Phase 1","Chemical Usage","0.0","mg/L"
"2024-08-23","alum_dose_ph2","Alum Dosage Phase 2","Chemical Usage","19.743","mg/L"
"2024-08-23","alum_dose_ph3","Alum Dosage Phase 3","Chemical Usage","0.0","mg/L"
"2024-08-23","alum_dose_ph4","Alum Dosage Phase 4","Chemical Usage","0.0","mg/L"
"2024-08-23","alum_tons_ph1","Alum use Phase 1","Chemical Usage","0.0","Tons"
"2024-08-23","alum_tons_ph2","Alum use Phase 2","Chemical Usage","14.231","Tons"
"2024-08-23","alum_tons_ph3","Alum use Phase 3","Chemical Usage","0.0","Tons"
"2024-08-23","alum_tons_ph4","Alum use Phase 4","Chemical Usage","0.0","Tons"
"2024-08-23","alum_tons_total","Alum use Total","Chemical Usage","14.231","Tons"
"2024-08-23","dpstps_cmd_total","Treated Water Total","Water","1502900.0","m3"
"2024-08-23","pac_dose_ph1","PAC Dosage Phase 1","Chemical Usage","14.373","mg/L"
"2024-08-23","pac_dose_ph2","PAC Dosage Phase 2","Chemical Usage","0.0","mg/L"
"2024-08-23","pac_dose_ph3","PAC Dosage Phase 3","Chemical Usage","10.093","mg/L"
"2024-08-23","pac_dose_ph4","PAC Dosage Phase 4","Chemical Usage","10.463","mg/L"
"2024-08-23","pac_tons_ph1","PAC Used Phase 1","Chemical Usage","17.046","Tons"
"2024-08-23","pac_tons_ph2","PAC Used Phase 2","Chemical Usage","0.0","Tons"
"2024-08-23","pac_tons_ph3","PAC Used Phase 3","Chemical Usage","13.089","Tons"
"2024-08-23","pac_tons_ph4","PAC Used Phase 4","Chemical Usage","10.843","Tons"
"2024-08-23","pac_tons_total","Total PAC Used","Chemical Usage","40.978","Tons"
"2024-08-23","poly_dose_ph1","Polymer Dosage Phase 1","Chemical Usage","0.0","mg/L"
"2024-08-23","poly_dose_ph2","Polymer Dosage Phase 2","Chemical Usage","0.0","mg/L"
"2024-08-23","poly_dose_ph3","Polymer Dosage Phase 3","Chemical Usage","0","mg/L"
"2024-08-23","poly_dose_ph4","Polymer Dosage Phase 4","Chemical Usage","0.0","mg/L"
"2024-08-23","poly_tons_total","Total Polymer Used","Chemical Usage","0.0","Tons"
"2024-08-23","rw_cmd_total","Raw Water Phase Total","Water","1592100.0","m3"
"2024-08-24","alum_dose_ph1","Alum Dosage Phase 1","Chemical Usage","0.0","mg/L"
"2024-08-24","alum_dose_ph2","Alum Dosage Phase 2","Chemical Usage","25.823","mg/L"
"2024-08-24","alum_dose_ph3","Alum Dosage Phase 3","Chemical Usage","0.0","mg/L"
"2024-08-24","alum_dose_ph4","Alum Dosage Phase 4","Chemical Usage","0.0","mg/L"
"2024-08-24","alum_tons_ph1","Alum use Phase 1","Chemical Usage","0.0","Tons"
"2024-08-24","alum_tons_ph2","Alum use Phase 2","Chemical Usage","18.753","Tons"
"2024-08-24","alum_tons_ph3","Alum use Phase 3","Chemical Usage","0.0","Tons"
"2024-08-24","alum_tons_ph4","Alum use Phase 4","Chemical Usage","0.0","Tons"
"2024-08-24","alum_tons_total","Alum use Total","Chemical Usage","18.753","Tons"
"2024-08-24","dpstps_cmd_total","Treated Water Total","Water","1524600.0","m3"
"2024-08-24","pac_dose_ph1","PAC Dosage Phase 1","Chemical Usage","12.612","mg/L"
"2024-08-24","pac_dose_ph2","PAC Dosage Phase 2","Chemical Usage","0.0","mg/L"
"2024-08-24","pac_dose_ph3","PAC Dosage Phase 3","Chemical Usage","8.639","mg/L"
"2024-08-24","pac_dose_ph4","PAC Dosage Phase 4","Chemical Usage","9.7","mg/L"
"2024-08-24","pac_tons_ph1","PAC Used Phase 1","Chemical Usage","14.958","Tons"
"2024-08-24","pac_tons_ph2","PAC Used Phase 2","Chemical Usage","0.0","Tons"
"2024-08-24","pac_tons_ph3","PAC Used Phase 3","Chemical Usage","11.213","Tons"
"2024-08-24","pac_tons_ph4","PAC Used Phase 4","Chemical Usage","10.062999999999999","Tons"
"2024-08-24","pac_tons_total","Total PAC Used","Chemical Usage","36.234","Tons"
"2024-08-24","poly_dose_ph1","Polymer Dosage Phase 1","Chemical Usage","0.0","mg/L"
"2024-08-24","poly_dose_ph2","Polymer Dosage Phase 2","Chemical Usage","0.0","mg/L"
"2024-08-24","poly_dose_ph3","Polymer Dosage Phase 3","Chemical Usage","0","mg/L"
"2024-08-24","poly_dose_ph4","Polymer Dosage Phase 4","Chemical Usage","0.0","mg/L"
"2024-08-24","poly_tons_total","Total Polymer Used","Chemical Usage","0.0","Tons"
"2024-08-24","rw_cmd_total","Raw Water Phase Total","Water","1595600.0","m3"
"2024-08-25","alum_dose_ph1","Alum Dosage Phase 1","Chemical Usage","0.0","mg/L"
"2024-08-25","alum_dose_ph2","Alum Dosage Phase 2","Chemical Usage","26.233","mg/L"
"2024-08-25","alum_dose_ph3","Alum Dosage Phase 3","Chemical Usage","0.0","mg/L"
"2024-08-25","alum_dose_ph4","Alum Dosage Phase 4","Chemical Usage","0.0","mg/L"
"2024-08-25","alum_tons_ph1","Alum use Phase 1","Chemical Usage","0.0","Tons"
"2024-08-25","alum_tons_ph2","Alum use Phase 2","Chemical Usage","19.019000000000002","Tons"
"2024-08-25","alum_tons_ph3","Alum use Phase 3","Chemical Usage","0.0","Tons"
"2024-08-25","alum_tons_ph4","Alum use Phase 4","Chemical Usage","0.0","Tons"
"2024-08-25","alum_tons_total","Alum use Total","Chemical Usage","19.019000000000002","Tons"
"2024-08-25","dpstps_cmd_total","Treated Water Total","Water","1516700.0","m3"
"2024-08-25","pac_dose_ph1","PAC Dosage Phase 1","Chemical Usage","12.627","mg/L"
"2024-08-25","pac_dose_ph2","PAC Dosage Phase 2","Chemical Usage","0.0","mg/L"
"2024-08-25","pac_dose_ph3","PAC Dosage Phase 3","Chemical Usage","8.657","mg/L"
"2024-08-25","pac_dose_ph4","PAC Dosage Phase 4","Chemical Usage","9.72","mg/L"
"2024-08-25","pac_tons_ph1","PAC Used Phase 1","Chemical Usage","14.972000000000001","Tons"
"2024-08-25","pac_tons_ph2","PAC Used Phase 2","Chemical Usage","0.0","Tons"
"2024-08-25","pac_tons_ph3","PAC Used Phase 3","Chemical Usage","11.224","Tons"
"2024-08-25","pac_tons_ph4","PAC Used Phase 4","Chemical Usage","10.073","Tons"
"2024-08-25","pac_tons_total","Total PAC Used","Chemical Usage","36.269","Tons"
"2024-08-25","poly_dose_ph1","Polymer Dosage Phase 1","Chemical Usage","0.0","mg/L"
"2024-08-25","poly_dose_ph2","Polymer Dosage Phase 2","Chemical Usage","0.0","mg/L"
"2024-08-25","poly_dose_ph3","Polymer Dosage Phase 3","Chemical Usage","0","mg/L"
"2024-08-25","poly_dose_ph4","Polymer Dosage Phase 4","Chemical Usage","0.0","mg/L"
"2024-08-25","poly_tons_total","Total Polymer Used","Chemical Usage","0.0","Tons"
"2024-08-25","rw_cmd_total","Raw Water Phase Total","Water","1594000.0","m3"
"2024-08-26","alum_dose_ph1","Alum Dosage Phase 1","Chemical Usage","0.0","mg/L"
"2024-08-26","alum_dose_ph2","Alum Dosage Phase 2","Chemical Usage","26.18","mg/L"
"2024-08-26","alum_dose_ph3","Alum Dosage Phase 3","Chemical Usage","0.0","mg/L"
"2024-08-26","alum_dose_ph4","Alum Dosage Phase 4","Chemical Usage","0.0","mg/L"
"2024-08-26","alum_tons_ph1","Alum use Phase 1","Chemical Usage","0.0","Tons"
"2024-08-26","alum_tons_ph2","Alum use Phase 2","Chemical Usage","18.886","Tons"
"2024-08-26","alum_tons_ph3","Alum use Phase 3","Chemical Usage","0.0","Tons"
"2024-08-26","alum_tons_ph4","Alum use Phase 4","Chemical Usage","0.0","Tons"
"2024-08-26","alum_tons_total","Alum use Total","Chemical Usage","18.886","Tons"
"2024-08-26","dpstps_cmd_total","Treated Water Total","Water","1479200.0","m3"
"2024-08-26","pac_dose_ph1","PAC Dosage Phase 1","Chemical Usage","13.382","mg/L"
"2024-08-26","pac_dose_ph2","PAC Dosage Phase 2","Chemical Usage","0.0","mg/L"
"2024-08-26","pac_dose_ph3","PAC Dosage Phase 3","Chemical Usage","8.698","mg/L"
"2024-08-26","pac_dose_ph4","PAC Dosage Phase 4","Chemical Usage","10.347000000000001","mg/L"
"2024-08-26","pac_tons_ph1","PAC Used Phase 1","Chemical Usage","15.936","Tons"
"2024-08-26","pac_tons_ph2","PAC Used Phase 2","Chemical Usage","0.0","Tons"
"2024-08-26","pac_tons_ph3","PAC Used Phase 3","Chemical Usage","11.283","Tons"
"2024-08-26","pac_tons_ph4","PAC Used Phase 4","Chemical Usage","10.722000000000001","Tons"
"2024-08-26","pac_tons_total","Total PAC Used","Chemical Usage","37.941","Tons"
"2024-08-26","poly_dose_ph1","Polymer Dosage Phase 1","Chemical Usage","0.0","mg/L"
"2024-08-26","poly_dose_ph2","Polymer Dosage Phase 2","Chemical Usage","0.0","mg/L"
"2024-08-26","poly_dose_ph3","Polymer Dosage Phase 3","Chemical Usage","0","mg/L"
"2024-08-26","poly_dose_ph4","Polymer Dosage Phase 4","Chemical Usage","0.0","mg/L"
"2024-08-26","poly_tons_total","Total Polymer Used","Chemical Usage","0.0","Tons"
"2024-08-26","rw_cmd_total","Raw Water Phase Total","Water","1594200.0","m3"
"2024-08-27","alum_dose_ph1","Alum Dosage Phase 1","Chemical Usage","0.0","mg/L"
"2024-08-27","alum_dose_ph2","Alum Dosage Phase 2","Chemical Usage","25.825","mg/L"
"2024-08-27","alum_dose_ph3","Alum Dosage Phase 3","Chemical Usage","0.0","mg/L"
"2024-08-27","alum_dose_ph4","Alum Dosage Phase 4","Chemical Usage","0.0","mg/L"
"2024-08-27","alum_tons_ph1","Alum use Phase 1","Chemical Usage","0.0","Tons"
"2024-08-27","alum_tons_ph2","Alum use Phase 2","Chemical Usage","18.62","Tons"
"2024-08-27","alum_tons_ph3","Alum use Phase 3","Chemical Usage","0.0","Tons"
"2024-08-27","alum_tons_ph4","Alum use Phase 4","Chemical Usage","0.0","Tons"
"2024-08-27","alum_tons_total","Alum use Total","Chemical Usage","18.62","Tons"
"2024-08-27","dpstps_cmd_total","Treated Water Total","Water","1459000.0","m3"
"2024-08-27","pac_dose_ph1","PAC Dosage Phase 1","Chemical Usage","12.595999999999998","mg/L"
"2024-08-27","pac_dose_ph2","PAC Dosage Phase 2","Chemical Usage","0.0","mg/L"
"2024-08-27","pac_dose_ph3","PAC Dosage Phase 3","Chemical Usage","7.7429999999999986","mg/L"
"2024-08-27","pac_dose_ph4","PAC Dosage Phase 4","Chemical Usage","9.884","mg/L"
"2024-08-27","pac_tons_ph1","PAC Used Phase 1","Chemical Usage","14.744000000000002","Tons"
"2024-08-27","pac_tons_ph2","PAC Used Phase 2","Chemical Usage","0.0","Tons"
"2024-08-27","pac_tons_ph3","PAC Used Phase 3","Chemical Usage","9.519","Tons"
"2024-08-27","pac_tons_ph4","PAC Used Phase 4","Chemical Usage","10.13","Tons"
"2024-08-27","pac_tons_total","Total PAC Used","Chemical Usage","34.393","Tons"
"2024-08-27","poly_dose_ph1","Polymer Dosage Phase 1","Chemical Usage","0.0","mg/L"
"2024-08-27","poly_dose_ph2","Polymer Dosage Phase 2","Chemical Usage","0.0","mg/L"
"2024-08-27","poly_dose_ph3","Polymer Dosage Phase 3","Chemical Usage","0","mg/L"
"2024-08-27","poly_dose_ph4","Polymer Dosage Phase 4","Chemical Usage","0.0","mg/L"
"2024-08-27","poly_tons_total","Total Polymer Used","Chemical Usage","0.0","Tons"
"2024-08-27","rw_cmd_total","Raw Water Phase Total","Water","1559200.0","m3"
"2024-08-28","alum_dose_ph1","Alum Dosage Phase 1","Chemical Usage","0.0","mg/L"
"2024-08-28","alum_dose_ph2","Alum Dosage Phase 2","Chemical Usage","25.283","mg/L"
"2024-08-28","alum_dose_ph3","Alum Dosage Phase 3","Chemical Usage","0.0","mg/L"
"2024-08-28","alum_dose_ph4","Alum Dosage Phase 4","Chemical Usage","0.0","mg/L"
"2024-08-28","alum_tons_ph1","Alum use Phase 1","Chemical Usage","0.0","Tons"
"2024-08-28","alum_tons_ph2","Alum use Phase 2","Chemical Usage","18.487000000000002","Tons"
"2024-08-28","alum_tons_ph3","Alum use Phase 3","Chemical Usage","0.0","Tons"
"2024-08-28","alum_tons_ph4","Alum use Phase 4","Chemical Usage","0.0","Tons"
"2024-08-28","alum_tons_total","Alum use Total","Chemical Usage","18.487000000000002","Tons"
"2024-08-28","dpstps_cmd_total","Treated Water Total","Water","1477100.0","m3"
"2024-08-28","pac_dose_ph1","PAC Dosage Phase 1","Chemical Usage","13.062999999999999","mg/L"
"2024-08-28","pac_dose_ph2","PAC Dosage Phase 2","Chemical Usage","0.0","mg/L"
"2024-08-28","pac_dose_ph3","PAC Dosage Phase 3","Chemical Usage","7.997000000000001","mg/L"
"2024-08-28","pac_dose_ph4","PAC Dosage Phase 4","Chemical Usage","10.05","mg/L"
"2024-08-28","pac_tons_ph1","PAC Used Phase 1","Chemical Usage","14.492","Tons"
"2024-08-28","pac_tons_ph2","PAC Used Phase 2","Chemical Usage","0.0","Tons"
"2024-08-28","pac_tons_ph3","PAC Used Phase 3","Chemical Usage","9.546","Tons"
"2024-08-28","pac_tons_ph4","PAC Used Phase 4","Chemical Usage","10.478","Tons"
"2024-08-28","pac_tons_total","Total PAC Used","Chemical Usage","34.516","Tons"
"2024-08-28","poly_dose_ph1","Polymer Dosage Phase 1","Chemical Usage","0.0","mg/L"
"2024-08-28","poly_dose_ph2","Polymer Dosage Phase 2","Chemical Usage","0.0","mg/L"
"2024-08-28","poly_dose_ph3","Polymer Dosage Phase 3","Chemical Usage","0","mg/L"
"2024-08-28","poly_dose_ph4","Polymer Dosage Phase 4","Chemical Usage","0.0","mg/L"
"2024-08-28","poly_tons_total","Total Polymer Used","Chemical Usage","0.0","Tons"
"2024-08-28","rw_cmd_total","Raw Water Phase Total","Water","1536600.0","m3"
"2024-08-29","alum_dose_ph1","Alum Dosage Phase 1","Chemical Usage","0.0","mg/L"
"2024-08-29","alum_dose_ph2","Alum Dosage Phase 2","Chemical Usage","26.774","mg/L"
"2024-08-29","alum_dose_ph3","Alum Dosage Phase 3","Chemical Usage","0.0","mg/L"
"2024-08-29","alum_dose_ph4","Alum Dosage Phase 4","Chemical Usage","0.0","mg/L"
"2024-08-29","alum_tons_ph1","Alum use Phase 1","Chemical Usage","0.0","Tons"
"2024-08-29","alum_tons_ph2","Alum use Phase 2","Chemical Usage","19.684","Tons"
"2024-08-29","alum_tons_ph3","Alum use Phase 3","Chemical Usage","0.0","Tons"
"2024-08-29","alum_tons_ph4","Alum use Phase 4","Chemical Usage","0.0","Tons"
"2024-08-29","alum_tons_total","Alum use Total","Chemical Usage","19.684","Tons"
"2024-08-29","dpstps_cmd_total","Treated Water Total","Water","1484500.0","m3"
"2024-08-29","pac_dose_ph1","PAC Dosage Phase 1","Chemical Usage","12.457","mg/L"
"2024-08-29","pac_dose_ph2","PAC Dosage Phase 2","Chemical Usage","0.0","mg/L"
"2024-08-29","pac_dose_ph3","PAC Dosage Phase 3","Chemical Usage","7.586","mg/L"
"2024-08-29","pac_dose_ph4","PAC Dosage Phase 4","Chemical Usage","9.39","mg/L"
"2024-08-29","pac_tons_ph1","PAC Used Phase 1","Chemical Usage","14.415","Tons"
"2024-08-29","pac_tons_ph2","PAC Used Phase 2","Chemical Usage","0.0","Tons"
"2024-08-29","pac_tons_ph3","PAC Used Phase 3","Chemical Usage","9.845","Tons"
"2024-08-29","pac_tons_ph4","PAC Used Phase 4","Chemical Usage","9.664","Tons"
"2024-08-29","pac_tons_total","Total PAC Used","Chemical Usage","33.924","Tons"
"2024-08-29","poly_dose_ph1","Polymer Dosage Phase 1","Chemical Usage","0.0","mg/L"
"2024-08-29","poly_dose_ph2","Polymer Dosage Phase 2","Chemical Usage","0.0","mg/L"
"2024-08-29","poly_dose_ph3","Polymer Dosage Phase 3","Chemical Usage","0","mg/L"
"2024-08-29","poly_dose_ph4","Polymer Dosage Phase 4","Chemical Usage","0.0","mg/L"
"2024-08-29","poly_tons_total","Total Polymer Used","Chemical Usage","0.0","Tons"
"2024-08-29","rw_cmd_total","Raw Water Phase Total","Water","1587000.0","m3"
"2024-08-30","alum_dose_ph1","Alum Dosage Phase 1","Chemical Usage","0.0","mg/L"
"2024-08-30","alum_dose_ph2","Alum Dosage Phase 2","Chemical Usage","26.000999999999998","mg/L"
"2024-08-30","alum_dose_ph3","Alum Dosage Phase 3","Chemical Usage","0.0","mg/L"
"2024-08-30","alum_dose_ph4","Alum Dosage Phase 4","Chemical Usage","0.0","mg/L"
"2024-08-30","alum_tons_ph1","Alum use Phase 1","Chemical Usage","0.0","Tons"
"2024-08-30","alum_tons_ph2","Alum use Phase 2","Chemical Usage","19.152","Tons"
"2024-08-30","alum_tons_ph3","Alum use Phase 3","Chemical Usage","0.0","Tons"
"2024-08-30","alum_tons_ph4","Alum use Phase 4","Chemical Usage","0.0","Tons"
"2024-08-30","alum_tons_total","Alum use Total","Chemical Usage","19.152","Tons"
"2024-08-30","dpstps_cmd_total","Treated Water Total","Water","1469000.0","m3"
"2024-08-30","pac_dose_ph1","PAC Dosage Phase 1","Chemical Usage","13.665999999999999","mg/L"
"2024-08-30","pac_dose_ph2","PAC Dosage Phase 2","Chemical Usage","0.0","mg/L"
"2024-08-30","pac_dose_ph3","PAC Dosage Phase 3","Chemical Usage","8.321","mg/L"
"2024-08-30","pac_dose_ph4","PAC Dosage Phase 4","Chemical Usage","10.389000000000001","mg/L"
"2024-08-30","pac_tons_ph1","PAC Used Phase 1","Chemical Usage","16.134","Tons"
"2024-08-30","pac_tons_ph2","PAC Used Phase 2","Chemical Usage","0.0","Tons"
"2024-08-30","pac_tons_ph3","PAC Used Phase 3","Chemical Usage","10.789000000000001","Tons"
"2024-08-30","pac_tons_ph4","PAC Used Phase 4","Chemical Usage","10.615","Tons"
"2024-08-30","pac_tons_total","Total PAC Used","Chemical Usage","37.538000000000004","Tons"
"2024-08-30","poly_dose_ph1","Polymer Dosage Phase 1","Chemical Usage","0.0","mg/L"
"2024-08-30","poly_dose_ph2","Polymer Dosage Phase 2","Chemical Usage","0.0","mg/L"
"2024-08-30","poly_dose_ph3","Polymer Dosage Phase 3","Chemical Usage","0","mg/L"
"2024-08-30","poly_dose_ph4","Polymer Dosage Phase 4","Chemical Usage","0.0","mg/L"
"2024-08-30","poly_tons_total","Total Polymer Used","Chemical Usage","0.0","Tons"
"2024-08-30","rw_cmd_total","Raw Water Phase Total","Water","1592900.0","m3"
"2024-08-31","alum_dose_ph1","Alum Dosage Phase 1","Chemical Usage","0.0","mg/L"
"2024-08-31","alum_dose_ph2","Alum Dosage Phase 2","Chemical Usage","24.784000000000002","mg/L"
"2024-08-31","alum_dose_ph3","Alum Dosage Phase 3","Chemical Usage","0.0","mg/L"
"2024-08-31","alum_dose_ph4","Alum Dosage Phase 4","Chemical Usage","0.0","mg/L"
"2024-08-31","alum_tons_ph1","Alum use Phase 1","Chemical Usage","0.0","Tons"
"2024-08-31","alum_tons_ph2","Alum use Phase 2","Chemical Usage","18.221","Tons"
"2024-08-31","alum_tons_ph3","Alum use Phase 3","Chemical Usage","0.0","Tons"
"2024-08-31","alum_tons_ph4","Alum use Phase 4","Chemical Usage","0.0","Tons"
"2024-08-31","alum_tons_total","Alum use Total","Chemical Usage","18.221","Tons"
"2024-08-31","dpstps_cmd_total","Treated Water Total","Water","1545600.0","m3"
"2024-08-31","pac_dose_ph1","PAC Dosage Phase 1","Chemical Usage","12.189","mg/L"
"2024-08-31","pac_dose_ph2","PAC Dosage Phase 2","Chemical Usage","0.0","mg/L"
"2024-08-31","pac_dose_ph3","PAC Dosage Phase 3","Chemical Usage","7.1","mg/L"
"2024-08-31","pac_dose_ph4","PAC Dosage Phase 4","Chemical Usage","9.697000000000001","mg/L"
"2024-08-31","pac_tons_ph1","PAC Used Phase 1","Chemical Usage","14.62","Tons"
"2024-08-31","pac_tons_ph2","PAC Used Phase 2","Chemical Usage","0.0","Tons"
"2024-08-31","pac_tons_ph3","PAC Used Phase 3","Chemical Usage","9.21","Tons"
"2024-08-31","pac_tons_ph4","PAC Used Phase 4","Chemical Usage","10.029","Tons"
"2024-08-31","pac_tons_total","Total PAC Used","Chemical Usage","33.859","Tons"
"2024-08-31","poly_dose_ph1","Polymer Dosage Phase 1","Chemical Usage","0.0","mg/L"
"2024-08-31","poly_dose_ph2","Polymer Dosage Phase 2","Chemical Usage","0.0","mg/L"
"2024-08-31","poly_dose_ph3","Polymer Dosage Phase 3","Chemical Usage","0","mg/L"
"2024-08-31","poly_dose_ph4","Polymer Dosage Phase 4","Chemical Usage","0.0","mg/L"
"2024-08-31","poly_tons_total","Total Polymer Used","Chemical Usage","0.0","Tons"
"2024-08-31","rw_cmd_total","Raw Water Phase Total","Water","1603400.0","m3"
