"ID","PLANT","STATION","PARAMETER","DATE","TIME","VALUE","UNIT"
"887","MS","QWS","TURBIDITY (RW)","2024-08-01","01:00","111","NTU"
"887","MS","QWS","TURBIDITY (RW)","2024-08-01","03:00","130","NTU"
"887","MS","QWS","TURBIDITY (RW)","2024-08-01","05:00","172","NTU"
"887","MS","QWS","TURBIDITY (RW)","2024-08-01","07:00","236","NTU"
"887","MS","QWS","TURBIDITY (RW)","2024-08-01","09:00","288","NTU"
"887","MS","QWS","TURBIDITY (RW)","2024-08-01","11:00","359","NTU"
"887","MS","QWS","TURBIDITY (RW)","2024-08-01","13:00","413","NTU"
"887","MS","QWS","TURBIDITY (RW)","2024-08-01","15:00","432","NTU"
"887","MS","QWS","TURBIDITY (RW)","2024-08-01","17:00","481","NTU"
"887","MS","QWS","TURBIDITY (RW)","2024-08-01","19:00","514","NTU"
"887","MS","QWS","TURBIDITY (RW)","2024-08-01","21:00","525","NTU"
"887","MS","QWS","TURBIDITY (RW)","2024-08-01","23:00","494","NTU"
"887","MS","QWS","TURBIDITY (RW)","2024-08-02","01:00","492.0","NTU"
"887","MS","QWS","TURBIDITY (RW)","2024-08-02","03:00","480.0","NTU"
"887","MS","QWS","TURBIDITY (RW)","2024-08-02","05:00","488.0","NTU"
"887","MS","QWS","TURBIDITY (RW)","2024-08-02","07:00","464.0","NTU"
"887","MS","QWS","TURBIDITY (RW)","2024-08-02","09:00","524.0","NTU"
"887","MS","QWS","TURBIDITY (RW)","2024-08-02","11:00","518.0","NTU"
"887","MS","QWS","TURBIDITY (RW)","2024-08-02","13:00","507.0","NTU"
"887","MS","QWS","TURBIDITY (RW)","2024-08-02","15:00","519.0","NTU"
"887","MS","QWS","TURBIDITY (RW)","2024-08-02","17:00","506.0","NTU"
"887","MS","QWS","TURBIDITY (RW)","2024-08-02","19:00","483.0","NTU"
"887","MS","QWS","TURBIDITY (RW)","2024-08-02","21:00","435.0","NTU"
"887","MS","QWS","TURBIDITY (RW)","2024-08-02","23:00","428.0","NTU"
"887","MS","QWS","TURBIDITY (RW)","2024-08-03","01:00","412","NTU"
"887","MS","QWS","TURBIDITY (RW)","2024-08-03","03:00","361","NTU"
"887","MS","QWS","TURBIDITY (RW)","2024-08-03","05:00","338","NTU"
"887","MS","QWS","TURBIDITY (RW)","2024-08-03","07:00","327","NTU"
"887","MS","QWS","TURBIDITY (RW)","2024-08-03","09:00","323","NTU"
"887","MS","QWS","TURBIDITY (RW)","2024-08-03","11:00","316","NTU"
"887","MS","QWS","TURBIDITY (RW)","2024-08-03","13:00","304","NTU"
"887","MS","QWS","TURBIDITY (RW)","2024-08-03","15:00","298","NTU"
"887","MS","QWS","TURBIDITY (RW)","2024-08-03","17:00","281.0","NTU"
"887","MS","QWS","TURBIDITY (RW)","2024-08-03","19:00","278.0","NTU"
"887","MS","QWS","TURBIDITY (RW)","2024-08-03","21:00","250.0","NTU"
"887","MS","QWS","TURBIDITY (RW)","2024-08-03","23:00","238.0","NTU"
"887","MS","QWS","TURBIDITY (RW)","2024-08-04","01:00","235","NTU"
"887","MS","QWS","TURBIDITY (RW)","2024-08-04","03:00","216","NTU"
"887","MS","QWS","TURBIDITY (RW)","2024-08-04","05:00","193","NTU"
"887","MS","QWS","TURBIDITY (RW)","2024-08-04","07:00","188","NTU"
"887","MS","QWS","TURBIDITY (RW)","2024-08-04","09:00","192","NTU"
"887","MS","QWS","TURBIDITY (RW)","2024-08-04","11:00","196","NTU"
"887","MS","QWS","TURBIDITY (RW)","2024-08-04","13:00","197","NTU"
"887","MS","QWS","TURBIDITY (RW)","2024-08-04","15:00","186","NTU"
"887","MS","QWS","TURBIDITY (RW)","2024-08-04","17:00","187","NTU"
"887","MS","QWS","TURBIDITY (RW)","2024-08-04","19:00","167","NTU"
"887","MS","QWS","TURBIDITY (RW)","2024-08-04","21:00","165","NTU"
"887","MS","QWS","TURBIDITY (RW)","2024-08-04","23:00","156.0","NTU"
"887","MS","QWS","TURBIDITY (RW)","2024-08-05","01:00","150","NTU"
"887","MS","QWS","TURBIDITY (RW)","2024-08-05","03:00","144","NTU"
"887","MS","QWS","TURBIDITY (RW)","2024-08-05","05:00","143","NTU"
"887","MS","QWS","TURBIDITY (RW)","2024-08-05","07:00","137","NTU"
"887","MS","QWS","TURBIDITY (RW)","2024-08-05","09:00","138","NTU"
"887","MS","QWS","TURBIDITY (RW)","2024-08-05","11:00","141","NTU"
"887","MS","QWS","TURBIDITY (RW)","2024-08-05","13:00","140","NTU"
"887","MS","QWS","TURBIDITY (RW)","2024-08-05","15:00","144","NTU"
"887","MS","QWS","TURBIDITY (RW)","2024-08-05","17:00","132","NTU"
"887","MS","QWS","TURBIDITY (RW)","2024-08-05","19:00","125","NTU"
"887","MS","QWS","TURBIDITY (RW)","2024-08-05","21:00","122","NTU"
"887","MS","QWS","TURBIDITY (RW)","2024-08-05","23:00","129.0","NTU"
"887","MS","QWS","TURBIDITY (RW)","2024-08-06","01:00","105.0","NTU"
"887","MS","QWS","TURBIDITY (RW)","2024-08-06","03:00","110.0","NTU"
"887","MS","QWS","TURBIDITY (RW)","2024-08-06","05:00","103.0","NTU"
"887","MS","QWS","TURBIDITY (RW)","2024-08-06","07:00","101.0","NTU"
"887","MS","QWS","TURBIDITY (RW)","2024-08-06","09:00","106.0","NTU"
"887","MS","QWS","TURBIDITY (RW)","2024-08-06","11:00","117.0","NTU"
"887","MS","QWS","TURBIDITY (RW)","2024-08-06","13:00","109.0","NTU"
"887","MS","QWS","TURBIDITY (RW)","2024-08-06","15:00","112.0","NTU"
"887","MS","QWS","TURBIDITY (RW)","2024-08-06","17:00","113.0","NTU"
"887","MS","QWS","TURBIDITY (RW)","2024-08-06","19:00","108.0","NTU"
"887","MS","QWS","TURBIDITY (RW)","2024-08-06","21:00","105.0","NTU"
"887","MS","QWS","TURBIDITY (RW)","2024-08-06","23:00","106.0","NTU"
"887","MS","QWS","TURBIDITY (RW)","2024-08-07","01:00","104.0","NTU"
"887","MS","QWS","TURBIDITY (RW)","2024-08-07","03:00","103.0","NTU"
"887","MS","QWS","TURBIDITY (RW)","2024-08-07","05:00","100.0","NTU"
"887","MS","QWS","TURBIDITY (RW)","2024-08-07","07:00","97.8","NTU"
"887","MS","QWS","TURBIDITY (RW)","2024-08-07","09:00","87.3","NTU"
"887","MS","QWS","TURBIDITY (RW)","2024-08-07","11:00","83.9","NTU"
"887","MS","QWS","TURBIDITY (RW)","2024-08-07","13:00","81.9","NTU"
"887","MS","QWS","TURBIDITY (RW)","2024-08-07","15:00","84.2","NTU"
"887","MS","QWS","TURBIDITY (RW)","2024-08-07","17:00","78.3","NTU"
"887","MS","QWS","TURBIDITY (RW)","2024-08-07","19:00","75.8","NTU"
"887","MS","QWS","TURBIDITY (RW)","2024-08-07","21:00","69.9","NTU"
"887","MS","QWS","TURBIDITY (RW)","2024-08-07","23:00","68.7","NTU"
"887","MS","QWS","TURBIDITY (RW)","2024-08-08","01:00","70.1","NTU"
"887","MS","QWS","TURBIDITY (RW)","2024-08-08","03:00","68.2","NTU"
"887","MS","QWS","TURBIDITY (RW)","2024-08-08","05:00","65.3","NTU"
"887","MS","QWS","TURBIDITY (RW)","2024-08-08","07:00","66.4","NTU"
"887","MS","QWS","TURBIDITY (RW)","2024-08-08","09:00","61.9","NTU"
"887","MS","QWS","TURBIDITY (RW)","2024-08-08","11:00","64.2","NTU"
"887","MS","QWS","TURBIDITY (RW)","2024-08-08","13:00","64.1","NTU"
"887","MS","QWS","TURBIDITY (RW)","2024-08-08","15:00","62.8","NTU"
"887","MS","QWS","TURBIDITY (RW)","2024-08-08","17:00","61.8","NTU"
"887","MS","QWS","TURBIDITY (RW)","2024-08-08","19:00","58.7","NTU"
"887","MS","QWS","TURBIDITY (RW)","2024-08-08","21:00","52.4","NTU"
"887","MS","QWS","TURBIDITY (RW)","2024-08-08","23:00","52.4","NTU"
"887","MS","QWS","TURBIDITY (RW)","2024-08-09","01:00","50.2","NTU"
"887","MS","QWS","TURBIDITY (RW)","2024-08-09","03:00","48.4","NTU"
"887","MS","QWS","TURBIDITY (RW)","2024-08-09","05:00","46.5","NTU"
"887","MS","QWS","TURBIDITY (RW)","2024-08-09","07:00","47.4","NTU"
"887","MS","QWS","TURBIDITY (RW)","2024-08-09","09:00","47.2","NTU"
"887","MS","QWS","TURBIDITY (RW)","2024-08-09","11:00","50.9","NTU"
"887","MS","QWS","TURBIDITY (RW)","2024-08-09","13:00","52.7","NTU"
"887","MS","QWS","TURBIDITY (RW)","2024-08-09","15:00","52.9","NTU"
"887","MS","QWS","TURBIDITY (RW)","2024-08-09","17:00","50.1","NTU"
"887","MS","QWS","TURBIDITY (RW)","2024-08-09","19:00","50.2","NTU"
"887","MS","QWS","TURBIDITY (RW)","2024-08-09","21:00","48","NTU"
"887","MS","QWS","TURBIDITY (RW)","2024-08-09","23:00","47.5","NTU"
"887","MS","QWS","TURBIDITY (RW)","2024-08-10","01:00","44.8","NTU"
"887","MS","QWS","TURBIDITY (RW)","2024-08-10","03:00","45.2","NTU"
"887","MS","QWS","TURBIDITY (RW)","2024-08-10","05:00","46.0","NTU"
"887","MS","QWS","TURBIDITY (RW)","2024-08-10","07:00","46.5","NTU"
"887","MS","QWS","TURBIDITY (RW)","2024-08-10","09:00","44.3","NTU"
"887","MS","QWS","TURBIDITY (RW)","2024-08-10","11:00","42.9","NTU"
"887","MS","QWS","TURBIDITY (RW)","2024-08-10","13:00","43.9","NTU"
"887","MS","QWS","TURBIDITY (RW)","2024-08-10","15:00","44.1","NTU"
"887","MS","QWS","TURBIDITY (RW)","2024-08-10","17:00","54.5","NTU"
"887","MS","QWS","TURBIDITY (RW)","2024-08-10","19:00","51.7","NTU"
"887","MS","QWS","TURBIDITY (RW)","2024-08-10","21:00","52.2","NTU"
"887","MS","QWS","TURBIDITY (RW)","2024-08-10","23:00","50.0","NTU"
"887","MS","QWS","TURBIDITY (RW)","2024-08-11","01:00","49.8","NTU"
"887","MS","QWS","TURBIDITY (RW)","2024-08-11","03:00","50.4","NTU"
"887","MS","QWS","TURBIDITY (RW)","2024-08-11","05:00","48.8","NTU"
"887","MS","QWS","TURBIDITY (RW)","2024-08-11","07:00","48.9","NTU"
"887","MS","QWS","TURBIDITY (RW)","2024-08-11","09:00","52","NTU"
"887","MS","QWS","TURBIDITY (RW)","2024-08-11","11:00","53.4","NTU"
"887","MS","QWS","TURBIDITY (RW)","2024-08-11","13:00","58.4","NTU"
"887","MS","QWS","TURBIDITY (RW)","2024-08-11","15:00","59.2","NTU"
"887","MS","QWS","TURBIDITY (RW)","2024-08-11","17:00","50.3","NTU"
"887","MS","QWS","TURBIDITY (RW)","2024-08-11","19:00","51.4","NTU"
"887","MS","QWS","TURBIDITY (RW)","2024-08-11","21:00","42.7","NTU"
"887","MS","QWS","TURBIDITY (RW)","2024-08-11","23:00","45.7","NTU"
"887","MS","QWS","TURBIDITY (RW)","2024-08-12","01:00","44.9","NTU"
"887","MS","QWS","TURBIDITY (RW)","2024-08-12","03:00","41","NTU"
"887","MS","QWS","TURBIDITY (RW)","2024-08-12","05:00","40.5","NTU"
"887","MS","QWS","TURBIDITY (RW)","2024-08-12","07:00","39.8","NTU"
"887","MS","QWS","TURBIDITY (RW)","2024-08-12","09:00","50.1","NTU"
"887","MS","QWS","TURBIDITY (RW)","2024-08-12","11:00","51.8","NTU"
"887","MS","QWS","TURBIDITY (RW)","2024-08-12","13:00","55.1","NTU"
"887","MS","QWS","TURBIDITY (RW)","2024-08-12","15:00","54.6","NTU"
"887","MS","QWS","TURBIDITY (RW)","2024-08-12","17:00","56.2","NTU"
"887","MS","QWS","TURBIDITY (RW)","2024-08-12","19:00","54.5","NTU"
"887","MS","QWS","TURBIDITY (RW)","2024-08-12","21:00","51.2","NTU"
"887","MS","QWS","TURBIDITY (RW)","2024-08-12","23:00","50.8","NTU"
"887","MS","QWS","TURBIDITY (RW)","2024-08-13","01:00","48.1","NTU"
"887","MS","QWS","TURBIDITY (RW)","2024-08-13","03:00","47.6","NTU"
"887","MS","QWS","TURBIDITY (RW)","2024-08-13","05:00","48.2","NTU"
"887","MS","QWS","TURBIDITY (RW)","2024-08-13","07:00","48.7","NTU"
"887","MS","QWS","TURBIDITY (RW)","2024-08-13","09:00","48.5","NTU"
"887","MS","QWS","TURBIDITY (RW)","2024-08-13","11:00","48.3","NTU"
"887","MS","QWS","TURBIDITY (RW)","2024-08-13","13:00","49","NTU"
"887","MS","QWS","TURBIDITY (RW)","2024-08-13","15:00","50.8","NTU"
"887","MS","QWS","TURBIDITY (RW)","2024-08-13","17:00","50.5","NTU"
"887","MS","QWS","TURBIDITY (RW)","2024-08-13","19:00","50.4","NTU"
"887","MS","QWS","TURBIDITY (RW)","2024-08-13","21:00","52.9","NTU"
"887","MS","QWS","TURBIDITY (RW)","2024-08-13","23:00","52.0","NTU"
"887","MS","QWS","TURBIDITY (RW)","2024-08-14","01:00","45.8","NTU"
"887","MS","QWS","TURBIDITY (RW)","2024-08-14","03:00","45.4","NTU"
"887","MS","QWS","TURBIDITY (RW)","2024-08-14","05:00","46","NTU"
"887","MS","QWS","TURBIDITY (RW)","2024-08-14","07:00","42.9","NTU"
"887","MS","QWS","TURBIDITY (RW)","2024-08-14","09:00","42.4","NTU"
"887","MS","QWS","TURBIDITY (RW)","2024-08-14","11:00","30.2","NTU"
"887","MS","QWS","TURBIDITY (RW)","2024-08-14","13:00","48.2","NTU"
"887","MS","QWS","TURBIDITY (RW)","2024-08-14","15:00","49.6","NTU"
"887","MS","QWS","TURBIDITY (RW)","2024-08-14","17:00","48.6","NTU"
"887","MS","QWS","TURBIDITY (RW)","2024-08-14","19:00","47.3","NTU"
"887","MS","QWS","TURBIDITY (RW)","2024-08-14","21:00","48.9","NTU"
"887","MS","QWS","TURBIDITY (RW)","2024-08-14","23:00","48.1","NTU"
"887","MS","QWS","TURBIDITY (RW)","2024-08-15","01:00","41.5","NTU"
"887","MS","QWS","TURBIDITY (RW)","2024-08-15","03:00","42.1","NTU"
"887","MS","QWS","TURBIDITY (RW)","2024-08-15","05:00","46.8","NTU"
"887","MS","QWS","TURBIDITY (RW)","2024-08-15","07:00","43.7","NTU"
"887","MS","QWS","TURBIDITY (RW)","2024-08-15","09:00","48.6","NTU"
"887","MS","QWS","TURBIDITY (RW)","2024-08-15","11:00","47.8","NTU"
"887","MS","QWS","TURBIDITY (RW)","2024-08-15","13:00","54.8","NTU"
"887","MS","QWS","TURBIDITY (RW)","2024-08-15","15:00","45.8","NTU"
"887","MS","QWS","TURBIDITY (RW)","2024-08-15","17:00","45.9","NTU"
"887","MS","QWS","TURBIDITY (RW)","2024-08-15","19:00","43.1","NTU"
"887","MS","QWS","TURBIDITY (RW)","2024-08-15","21:00","36.1","NTU"
"887","MS","QWS","TURBIDITY (RW)","2024-08-15","23:00","38.4","NTU"
"887","MS","QWS","TURBIDITY (RW)","2024-08-16","01:00","39.4","NTU"
"887","MS","QWS","TURBIDITY (RW)","2024-08-16","03:00","40.2","NTU"
"887","MS","QWS","TURBIDITY (RW)","2024-08-16","05:00","39.1","NTU"
"887","MS","QWS","TURBIDITY (RW)","2024-08-16","07:00","37.6","NTU"
"887","MS","QWS","TURBIDITY (RW)","2024-08-16","09:00","42.9","NTU"
"887","MS","QWS","TURBIDITY (RW)","2024-08-16","11:00","46.3","NTU"
"887","MS","QWS","TURBIDITY (RW)","2024-08-16","13:00","46","NTU"
"887","MS","QWS","TURBIDITY (RW)","2024-08-16","15:00","44.5","NTU"
"887","MS","QWS","TURBIDITY (RW)","2024-08-16","17:00","44.9","NTU"
"887","MS","QWS","TURBIDITY (RW)","2024-08-16","19:00","44.4","NTU"
"887","MS","QWS","TURBIDITY (RW)","2024-08-16","21:00","45","NTU"
"887","MS","QWS","TURBIDITY (RW)","2024-08-16","23:00","43.6","NTU"
"887","MS","QWS","TURBIDITY (RW)","2024-08-17","01:00","41.8","NTU"
"887","MS","QWS","TURBIDITY (RW)","2024-08-17","03:00","41","NTU"
"887","MS","QWS","TURBIDITY (RW)","2024-08-17","05:00","39.2","NTU"
"887","MS","QWS","TURBIDITY (RW)","2024-08-17","07:00","38.8","NTU"
"887","MS","QWS","TURBIDITY (RW)","2024-08-17","09:00","37.5","NTU"
"887","MS","QWS","TURBIDITY (RW)","2024-08-17","11:00","41","NTU"
"887","MS","QWS","TURBIDITY (RW)","2024-08-17","13:00","44.5","NTU"
"887","MS","QWS","TURBIDITY (RW)","2024-08-17","15:00","41.3","NTU"
"887","MS","QWS","TURBIDITY (RW)","2024-08-17","17:00","40.1","NTU"
"887","MS","QWS","TURBIDITY (RW)","2024-08-17","19:00","40","NTU"
"887","MS","QWS","TURBIDITY (RW)","2024-08-17","21:00","38.2","NTU"
"887","MS","QWS","TURBIDITY (RW)","2024-08-17","23:00","38.0","NTU"
"887","MS","QWS","TURBIDITY (RW)","2024-08-18","01:00","40.4","NTU"
"887","MS","QWS","TURBIDITY (RW)","2024-08-18","03:00","39.9","NTU"
"887","MS","QWS","TURBIDITY (RW)","2024-08-18","05:00","40.1","NTU"
"887","MS","QWS","TURBIDITY (RW)","2024-08-18","07:00","40","NTU"
"887","MS","QWS","TURBIDITY (RW)","2024-08-18","09:00","38.9","NTU"
"887","MS","QWS","TURBIDITY (RW)","2024-08-18","11:00","39","NTU"
"887","MS","QWS","TURBIDITY (RW)","2024-08-18","13:00","43.6","NTU"
"887","MS","QWS","TURBIDITY (RW)","2024-08-18","15:00","43.4","NTU"
"887","MS","QWS","TURBIDITY (RW)","2024-08-18","17:00","38.9","NTU"
"887","MS","QWS","TURBIDITY (RW)","2024-08-18","19:00","37.7","NTU"
"887","MS","QWS","TURBIDITY (RW)","2024-08-18","21:00","34.7","NTU"
"887","MS","QWS","TURBIDITY (RW)","2024-08-18","23:00","33.7","NTU"
"887","MS","QWS","TURBIDITY (RW)","2024-08-19","01:00","36.9","NTU"
"887","MS","QWS","TURBIDITY (RW)","2024-08-19","03:00","35.7","NTU"
"887","MS","QWS","TURBIDITY (RW)","2024-08-19","05:00","32.9","NTU"
"887","MS","QWS","TURBIDITY (RW)","2024-08-19","07:00","34.9","NTU"
"887","MS","QWS","TURBIDITY (RW)","2024-08-19","09:00","34.7","NTU"
"887","MS","QWS","TURBIDITY (RW)","2024-08-19","11:00","35.4","NTU"
"887","MS","QWS","TURBIDITY (RW)","2024-08-19","13:00","38.8","NTU"
"887","MS","QWS","TURBIDITY (RW)","2024-08-19","15:00","34.1","NTU"
"887","MS","QWS","TURBIDITY (RW)","2024-08-19","17:00","28.1","NTU"
"887","MS","QWS","TURBIDITY (RW)","2024-08-19","19:00","30.5","NTU"
"887","MS","QWS","TURBIDITY (RW)","2024-08-19","21:00","25.5","NTU"
"887","MS","QWS","TURBIDITY (RW)","2024-08-19","23:00","28.0","NTU"
"887","MS","QWS","TURBIDITY (RW)","2024-08-20","01:00","28.2","NTU"
"887","MS","QWS","TURBIDITY (RW)","2024-08-20","03:00","30.1","NTU"
"887","MS","QWS","TURBIDITY (RW)","2024-08-20","05:00","27.3","NTU"
"887","MS","QWS","TURBIDITY (RW)","2024-08-20","07:00","27.2","NTU"
"887","MS","QWS","TURBIDITY (RW)","2024-08-20","09:00","31.4","NTU"
"887","MS","QWS","TURBIDITY (RW)","2024-08-20","11:00","30.8","NTU"
"887","MS","QWS","TURBIDITY (RW)","2024-08-20","13:00","31.2","NTU"
"887","MS","QWS","TURBIDITY (RW)","2024-08-20","15:00","33.4","NTU"
"887","MS","QWS","TURBIDITY (RW)","2024-08-20","17:00","31.3","NTU"
"887","MS","QWS","TURBIDITY (RW)","2024-08-20","19:00","31.6","NTU"
"887","MS","QWS","TURBIDITY (RW)","2024-08-20","21:00","30.2","NTU"
"887","MS","QWS","TURBIDITY (RW)","2024-08-20","23:00","30.0","NTU"
"887","MS","QWS","TURBIDITY (RW)","2024-08-21","01:00","29.5","NTU"
"887","MS","QWS","TURBIDITY (RW)","2024-08-21","03:00","28.8","NTU"
"887","MS","QWS","TURBIDITY (RW)","2024-08-21","05:00","28.9","NTU"
"887","MS","QWS","TURBIDITY (RW)","2024-08-21","07:00","29.2","NTU"
"887","MS","QWS","TURBIDITY (RW)","2024-08-21","09:00","30.3","NTU"
"887","MS","QWS","TURBIDITY (RW)","2024-08-21","11:00","31.7","NTU"
"887","MS","QWS","TURBIDITY (RW)","2024-08-21","13:00","33.2","NTU"
"887","MS","QWS","TURBIDITY (RW)","2024-08-21","15:00","32.9","NTU"
"887","MS","QWS","TURBIDITY (RW)","2024-08-21","17:00","30.3","NTU"
"887","MS","QWS","TURBIDITY (RW)","2024-08-21","19:00","32","NTU"
"887","MS","QWS","TURBIDITY (RW)","2024-08-21","21:00","30.6","NTU"
"887","MS","QWS","TURBIDITY (RW)","2024-08-21","23:00","29.3","NTU"
"887","MS","QWS","TURBIDITY (RW)","2024-08-22","01:00","28.8","NTU"
"887","MS","QWS","TURBIDITY (RW)","2024-08-22","03:00","29.0","NTU"
"887","MS","QWS","TURBIDITY (RW)","2024-08-22","05:00","28.6","NTU"
"887","MS","QWS","TURBIDITY (RW)","2024-08-22","07:00","30.3","NTU"
"887","MS","QWS","TURBIDITY (RW)","2024-08-22","09:00","28.7","NTU"
"887","MS","QWS","TURBIDITY (RW)","2024-08-22","11:00","29.0","NTU"
"887","MS","QWS","TURBIDITY (RW)","2024-08-22","13:00","29.6","NTU"
"887","MS","QWS","TURBIDITY (RW)","2024-08-22","15:00","32.1","NTU"
"887","MS","QWS","TURBIDITY (RW)","2024-08-22","17:00","30.5","NTU"
"887","MS","QWS","TURBIDITY (RW)","2024-08-22","19:00","29.9","NTU"
"887","MS","QWS","TURBIDITY (RW)","2024-08-22","21:00","26.8","NTU"
"887","MS","QWS","TURBIDITY (RW)","2024-08-22","23:00","27.6","NTU"
"887","MS","QWS","TURBIDITY (RW)","2024-08-23","01:00","28.5","NTU"
"887","MS","QWS","TURBIDITY (RW)","2024-08-23","03:00","27.4","NTU"
"887","MS","QWS","TURBIDITY (RW)","2024-08-23","05:00","26.6","NTU"
"887","MS","QWS","TURBIDITY (RW)","2024-08-23","07:00","26.8","NTU"
"887","MS","QWS","TURBIDITY (RW)","2024-08-23","09:00","28.5","NTU"
"887","MS","QWS","TURBIDITY (RW)","2024-08-23","11:00","29.2","NTU"
"887","MS","QWS","TURBIDITY (RW)","2024-08-23","13:00","30","NTU"
"887","MS","QWS","TURBIDITY (RW)","2024-08-23","15:00","31.0","NTU"
"887","MS","QWS","TURBIDITY (RW)","2024-08-23","17:00","25.9","NTU"
"887","MS","QWS","TURBIDITY (RW)","2024-08-23","19:00","26.3","NTU"
"887","MS","QWS","TURBIDITY (RW)","2024-08-23","21:00","22.3","NTU"
"887","MS","QWS","TURBIDITY (RW)","2024-08-23","23:00","23.6","NTU"
"887","MS","QWS","TURBIDITY (RW)","2024-08-24","01:00","23.6","NTU"
"887","MS","QWS","TURBIDITY (RW)","2024-08-24","03:00","22.8","NTU"
"887","MS","QWS","TURBIDITY (RW)","2024-08-24","05:00","22.9","NTU"
"887","MS","QWS","TURBIDITY (RW)","2024-08-24","07:00","26.5","NTU"
"887","MS","QWS","TURBIDITY (RW)","2024-08-24","09:00","28.1","NTU"
"887","MS","QWS","TURBIDITY (RW)","2024-08-24","11:00","31.6","NTU"
"887","MS","QWS","TURBIDITY (RW)","2024-08-24","13:00","31.5","NTU"
"887","MS","QWS","TURBIDITY (RW)","2024-08-24","15:00","32.3","NTU"
"887","MS","QWS","TURBIDITY (RW)","2024-08-24","17:00","30.4","NTU"
"887","MS","QWS","TURBIDITY (RW)","2024-08-24","19:00","30.8","NTU"
"887","MS","QWS","TURBIDITY (RW)","2024-08-24","21:00","27.4","NTU"
"887","MS","QWS","TURBIDITY (RW)","2024-08-24","23:00","28.0","NTU"
"887","MS","QWS","TURBIDITY (RW)","2024-08-25","01:00","26","NTU"
"887","MS","QWS","TURBIDITY (RW)","2024-08-25","03:00","25.2","NTU"
"887","MS","QWS","TURBIDITY (RW)","2024-08-25","05:00","24.8","NTU"
"887","MS","QWS","TURBIDITY (RW)","2024-08-25","07:00","25","NTU"
"887","MS","QWS","TURBIDITY (RW)","2024-08-25","09:00","24.5","NTU"
"887","MS","QWS","TURBIDITY (RW)","2024-08-25","11:00","24.6","NTU"
"887","MS","QWS","TURBIDITY (RW)","2024-08-25","13:00","26.1","NTU"
"887","MS","QWS","TURBIDITY (RW)","2024-08-25","15:00","26.4","NTU"
"887","MS","QWS","TURBIDITY (RW)","2024-08-25","17:00","28.2","NTU"
"887","MS","QWS","TURBIDITY (RW)","2024-08-25","19:00","28","NTU"
"887","MS","QWS","TURBIDITY (RW)","2024-08-25","21:00","29.4","NTU"
"887","MS","QWS","TURBIDITY (RW)","2024-08-25","23:00","26.1","NTU"
"887","MS","QWS","TURBIDITY (RW)","2024-08-26","01:00","26.0","NTU"
"887","MS","QWS","TURBIDITY (RW)","2024-08-26","03:00","26.1","NTU"
"887","MS","QWS","TURBIDITY (RW)","2024-08-26","05:00","26.4","NTU"
"887","MS","QWS","TURBIDITY (RW)","2024-08-26","07:00","28.1","NTU"
"887","MS","QWS","TURBIDITY (RW)","2024-08-26","09:00","31.0","NTU"
"887","MS","QWS","TURBIDITY (RW)","2024-08-26","11:00","30.9","NTU"
"887","MS","QWS","TURBIDITY (RW)","2024-08-26","13:00","27.9","NTU"
"887","MS","QWS","TURBIDITY (RW)","2024-08-26","15:00","33.8","NTU"
"887","MS","QWS","TURBIDITY (RW)","2024-08-26","17:00","29.5","NTU"
"887","MS","QWS","TURBIDITY (RW)","2024-08-26","19:00","30.4","NTU"
"887","MS","QWS","TURBIDITY (RW)","2024-08-26","21:00","27.0","NTU"
"887","MS","QWS","TURBIDITY (RW)","2024-08-26","23:00","28.4","NTU"
"887","MS","QWS","TURBIDITY (RW)","2024-08-27","01:00","30","NTU"
"887","MS","QWS","TURBIDITY (RW)","2024-08-27","03:00","26.2","NTU"
"887","MS","QWS","TURBIDITY (RW)","2024-08-27","05:00","26.6","NTU"
"887","MS","QWS","TURBIDITY (RW)","2024-08-27","07:00","24.5","NTU"
"887","MS","QWS","TURBIDITY (RW)","2024-08-27","09:00","29.7","NTU"
"887","MS","QWS","TURBIDITY (RW)","2024-08-27","11:00","27.6","NTU"
"887","MS","QWS","TURBIDITY (RW)","2024-08-27","13:00","29.8","NTU"
"887","MS","QWS","TURBIDITY (RW)","2024-08-27","15:00","31.4","NTU"
"887","MS","QWS","TURBIDITY (RW)","2024-08-27","17:00","19.8","NTU"
"887","MS","QWS","TURBIDITY (RW)","2024-08-27","19:00","20.7","NTU"
"887","MS","QWS","TURBIDITY (RW)","2024-08-27","21:00","21.7","NTU"
"887","MS","QWS","TURBIDITY (RW)","2024-08-27","23:00","25.4","NTU"
"887","MS","QWS","TURBIDITY (RW)","2024-08-28","01:00","24.8","NTU"
"887","MS","QWS","TURBIDITY (RW)","2024-08-28","03:00","23.9","NTU"
"887","MS","QWS","TURBIDITY (RW)","2024-08-28","05:00","24.2","NTU"
"887","MS","QWS","TURBIDITY (RW)","2024-08-28","07:00","23.1","NTU"
"887","MS","QWS","TURBIDITY (RW)","2024-08-28","09:00","33.8","NTU"
"887","MS","QWS","TURBIDITY (RW)","2024-08-28","11:00","27.2","NTU"
"887","MS","QWS","TURBIDITY (RW)","2024-08-28","13:00","28.6","NTU"
"887","MS","QWS","TURBIDITY (RW)","2024-08-28","15:00","26.5","NTU"
"887","MS","QWS","TURBIDITY (RW)","2024-08-28","17:00","25.3","NTU"
"887","MS","QWS","TURBIDITY (RW)","2024-08-28","19:00","25","NTU"
"887","MS","QWS","TURBIDITY (RW)","2024-08-28","21:00","26","NTU"
"887","MS","QWS","TURBIDITY (RW)","2024-08-28","23:00","25.6","NTU"
"887","MS","QWS","TURBIDITY (RW)","2024-08-29","01:00","24.4","NTU"
"887","MS","QWS","TURBIDITY (RW)","2024-08-29","03:00","24","NTU"
"887","MS","QWS","TURBIDITY (RW)","2024-08-29","05:00","23.5","NTU"
"887","MS","QWS","TURBIDITY (RW)","2024-08-29","07:00","23.8","NTU"
"887","MS","QWS","TURBIDITY (RW)","2024-08-29","09:00","23.8","NTU"
"887","MS","QWS","TURBIDITY (RW)","2024-08-29","11:00","28.8","NTU"
"887","MS","QWS","TURBIDITY (RW)","2024-08-29","13:00","28.9","NTU"
"887","MS","QWS","TURBIDITY (RW)","2024-08-29","15:00","28.7","NTU"
"887","MS","QWS","TURBIDITY (RW)","2024-08-29","17:00","25.9","NTU"
"887","MS","QWS","TURBIDITY (RW)","2024-08-29","19:00","26.1","NTU"
"887","MS","QWS","TURBIDITY (RW)","2024-08-29","21:00","26.7","NTU"
"887","MS","QWS","TURBIDITY (RW)","2024-08-29","23:00","26","NTU"
"887","MS","QWS","TURBIDITY (RW)","2024-08-30","01:00","26.4","NTU"
"887","MS","QWS","TURBIDITY (RW)","2024-08-30","03:00","26.2","NTU"
"887","MS","QWS","TURBIDITY (RW)","2024-08-30","05:00","26.2","NTU"
"887","MS","QWS","TURBIDITY (RW)","2024-08-30","07:00","26.0","NTU"
"887","MS","QWS","TURBIDITY (RW)","2024-08-30","09:00","24.7","NTU"
"887","MS","QWS","TURBIDITY (RW)","2024-08-30","11:00","23.8","NTU"
"887","MS","QWS","TURBIDITY (RW)","2024-08-30","13:00","31.8","NTU"
"887","MS","QWS","TURBIDITY (RW)","2024-08-30","15:00","22.5","NTU"
"887","MS","QWS","TURBIDITY (RW)","2024-08-30","17:00","26.2","NTU"
"887","MS","QWS","TURBIDITY (RW)","2024-08-30","19:00","25.8","NTU"
"887","MS","QWS","TURBIDITY (RW)","2024-08-30","21:00","24.0","NTU"
"887","MS","QWS","TURBIDITY (RW)","2024-08-30","23:00","24.6","NTU"
"887","MS","QWS","TURBIDITY (RW)","2024-08-31","01:00","25.1","NTU"
"887","MS","QWS","TURBIDITY (RW)","2024-08-31","03:00","27","NTU"
"887","MS","QWS","TURBIDITY (RW)","2024-08-31","05:00","27.2","NTU"
"887","MS","QWS","TURBIDITY (RW)","2024-08-31","07:00","24.5","NTU"
"887","MS","QWS","TURBIDITY (RW)","2024-08-31","09:00","27.5","NTU"
"887","MS","QWS","TURBIDITY (RW)","2024-08-31","11:00","31.5","NTU"
"887","MS","QWS","TURBIDITY (RW)","2024-08-31","13:00","29.8","NTU"
"887","MS","QWS","TURBIDITY (RW)","2024-08-31","15:00","30.9","NTU"
"887","MS","QWS","TURBIDITY (RW)","2024-08-31","17:00","24.9","NTU"
"887","MS","QWS","TURBIDITY (RW)","2024-08-31","19:00","25.2","NTU"
"887","MS","QWS","TURBIDITY (RW)","2024-08-31","21:00","23.5","NTU"
"887","MS","QWS","TURBIDITY (RW)","2024-08-31","23:00","24.3","NTU"